Workbook

Sheet Info
C5: Select your language in the drop-down in the green area / Seleccione su idioma en el desplegable del área verde | H5: English / Inglés
C13: =IF(D34=1,"GENERAL INFORMATION","INFORMACIÓN GENERAL") -> GENERAL INFORMATION
C16: =IF(D34=1,"This Excel file was created to register your measurements of 20 subjects and to calculate your Technical Error of Measurement after that.","Este archivo de Excel ha sido creado para registrar sus mediciones de los 20 sujetos y para calcular su Error Técnico de Medida.") -> This Excel file was created to register your measurements of 20 subjects and to calculate your Technical Error of Measurement after that.
C17: =IF(D34=1,"You must take measurements of twenty (20) individuals, registering two times for each varaible, or three times if it is indicated in the corresponding cell.","Debe tomar medidas de veinte (20) individuos, registrando dos veces cada varaible, o tres veces si así se indica en la celda correspondiente.") -> You must take measurements of twenty (20) individuals, registering two times for each varaible, or three times if it is indicated in the corresponding cell.
B18: 1 | M18: 12 | N18: 13 | O18: 14 | P18: 15 | Q18: 16 | R18: 17 | S18: 18 | T18: 19 | U18: 20
C19: =IF(D34=1,"You must complete the grey cells of the tabs ''1.'' to ''20.''","Debe completar las celdas coloreadas en gris de las pestañas ''1.'' a ''20.''.") -> You must complete the grey cells of the tabs ''1.'' to ''20.''
C20: =IF(D34=1,"You must not change the name of any tab.","No cambie el nombre de las pestañas del excel.") -> You must not change the name of any tab.
C22: =IF(D34=1,"If you want to print information out for the subject, it is necessary to save that tab as a pdf. The file is ready to automatically take the individual's report.","Si desea entregar un informe a la persona ecaluada puede guardar como PDF la pestaña en la que ha incluido las medidas de dicho sujeto. El archivo está preparado para sacar automáticamente su informe individual.") -> If you want to print information out for the subject, it is necessary to save that tab as a pdf. The file is ready to automatically take the individual's report.
C25: =IF(D34=1,"While typing in data, make sure to save the spreadsheet frequently in order to avoid accidents which could result in loss of typed data.","Mientras que introduce los datos, asegúrese de grabar con frecuencia la hoja para la toma de datos de manera que evite accidentes que podrian producir la perdida de datos.") -> While typing in data, make sure to save the spreadsheet frequently in order to avoid accidents which could result in loss of typed data.
C27: =IF(D34=1,"When you finish entering the data of the 20 subjects, send this sheet to the instructor responsible for your course.","Cuando termine de introducir los datos de los 20 sujetos, envíe esta hoja al instructor responsable de su curso.") -> When you finish entering the data of the 20 subjects, send this sheet to the instructor responsible for your course.
C29: =IF(D34=1,"The sheet named ''Graphs'' shows graphs comparing the measured and target %TEM.","Las hojas llamadas ''gráficos'' muestran gráficos que comparan los errores ETM medidos y el porcentaje objetivo.") -> The sheet named ''Graphs'' shows graphs comparing the measured and target %TEM.
C34: English / Inglés | D34: =IF(H5="English / Inglés",1,0) -> 1
C35: Spanish / Español

Sheet TEM info
C2: =IF(Info!D34=1,"SPREADSHEET FOR MEASUREMENT ERROR", "HOJA DE CALCULO PARA EL ERROR DE MEDIDA") -> SPREADSHEET FOR MEASUREMENT ERROR
C5: =IF(Info!D34=1,"This spreadsheet calculates the Technical Error of Measurement (TEM) and the Intraclass Correlation Coefficient (ICC) from a one-way ANOVA.","Esta hoja de cálculo permite el calculo del Error Tecnico de Medida (ETM) y el coeficiente de Correlación Intraclase (ICC) por el metodo ANOVA.") -> This spreadsheet calculates the Technical Error of Measurement (TEM) and the Intraclass Correlation Coefficient (ICC) from a one-way ANOVA.
C7: =IF(Info!D34=1,"[For additional information on the statistical calculations, refer to Norton & Olds (1996) or other statistics textbooks.]","Para información adicional sobre los calculos estadísticos, consulte Norton & Olds (1996) u otros textos de estadística.") -> [For additional information on the statistical calculations, refer to Norton & Olds (1996) or other statistics textbooks.]
C10: =IF(Info!D34=1,"The calculations are based on two (or the closest two of three) measures on twenty (20) subjects.", "Los cálculos se refieren a dos medidas (2), o las dos más cercanas si son tres medidas, sobre veinte (20) sujetos.") -> The calculations are based on two (or the closest two of three) measures on twenty (20) subjects.
C11: =IF(Info!D34=1, "The intra-tester target %TEMs for obtaining ISAK accreditation are:", "El porcentaje de Error del ETM para el inter- e intra-evaulador para obtener la acreditacion ISAK se muestran en la tabla inferior.") -> The intra-tester target %TEMs for obtaining ISAK accreditation are:
E13: =IF(Info!D34=1, "Level 1", "Nivel 1") -> Level 1 | G13: =IF(Info!D34=1, "Level 2, 3 and 4","Nivel 2, 3 y 4") -> Level 2, 3 and 4
E14: =IF(Info!D34=1, "Post-course","Tras el curso") -> Post-course | F14: =IF(Info!D34=1, "Post-profiles","Post-perfiles") -> Post-profiles | G14: =IF(Info!D34=1, "Post-course","Tras el curso") -> Post-course | H14: =IF(Info!D34=1, "Post-profiles","Post-perfiles") -> Post-profiles
C15: inter | D15: =IF(Info!D34=1, "Skinfolds","Pliegues") -> Skinfolds | E15: 12.5 | F15: 10 | G15: 10 | H15: 7.5
D16: =IF(Info!D34=1, "Other measurs","Otras medidas") -> Other measurs | E16: 2.5 | F16: 2 | G16: 2 | H16: 1.5
C17: intra | D17: =IF(Info!D34=1, "Skinfolds","Pliegues") -> Skinfolds | E17: 10 | F17: 7.5 | G17: 7.5 | H17: 5
D18: =IF(Info!D34=1, "Other measurs","Otras medidas") -> Other measurs | E18: 2 | F18: 1.5 | G18: 1.5 | H18: 1
E20: =IF(Info!D34=1, "Number of subjects:","Numero de sujetos:") -> Number of subjects: | F20: 20
E21: =IF(Info!D34=1, "Measuments per subject:","Medida por sujeto:") -> Measuments per subject: | F21: 2
B31: 1 | C31: 2 | D31: 3 | E31: 4 | F31: 5 | G31: 6 | H31: 7 | I31: 8 | J31: 9 | K31: 10 | L31: 11 | M31: 12 | N31: 13 | O31: 14 | P31: 15 | Q31: 16 | R31: 17 | S31: 18 | T31: 19 | U31: 20

Sheet 1
B2: =IF(Info!D34,"ISAK RESTRICTED PROFORMA","PROFORMA PERFIL RESTRINGIDO ISAK") -> ISAK RESTRICTED PROFORMA | R2: =IF(Info!D34,"ISAK PROFORMA PRINTOUT","INFORME PROFORMA ISAK") -> ISAK PROFORMA PRINTOUT
B4: =IF(Info!D34,"Name","Nombre") -> Name | G4: STEPHAN | R4: =+B4 -> Name | U4: =+G4 -> STEPHAN
B5: =IF(Info!D34,"Surname","Apellidos") -> Surname | G5: BREADT | R5: =+B5 -> Surname | U5: =+G5 -> BREADT
B6: =IF(Info!D34,"Country","País") -> Country | R6: =+B6 -> Country | U6: =+G6 -> 0
B7: =IF(Info!D34,"Ethnicity (Asian=1; African-American=2; Caucasian=3)","Raza (asiático=1; afro-americano=2; caucásico=3)") -> Ethnicity (Asian=1; African-American=2; Caucasian=3) | R7: =+B7 -> Ethnicity (Asian=1; African-American=2; Caucasian=3) | U7: =+G7 -> 0
B8: =IF(Info!D34,"Sex (male=1, female=2)","Sexo (hombre=1, mujer=2)") -> Sex (male=1, female=2) | G8: 1 | R8: =+B8 -> Sex (male=1, female=2) | U8: =+G8 -> 1
B9: =IF(Info!D34,"Sport","Deporte") -> Sport | R9: =+B9 -> Sport | U9: =+G9 -> 0
B10: =IF(Info!D34,"Date of Measurement","Fecha de la valoración") -> Date of Measurement | G10: 46086 | R10: =+B10 -> Date of Measurement | U10: =+G10 -> 46086
B11: =IF(Info!D34,"Date of Birth","Fecha de nacimiento") -> Date of Birth | K11: =IF(Info!D34,"3rd measure?","¿3ª medida?") -> 3rd measure? | N11: =IF(Info!D34,"Mean or Median","Media o Mediana") -> Mean or Median | R11: =+B11 -> Date of Birth | U11: =+G11 -> 0
B12: =IF(Info!D34,"Measure","Medida") -> Measure | H12: 2 | I12: 3 | U12: =IF(Info!D34,"Value", "Valor") -> Value | W12: =IF(Info!D34,"Phantom Z-value","Valor Z del Phantom") -> Phantom Z-value
B13: =IF(Info!D34,"Mass","Masa corporal") -> Mass | G13: 100.5 | K13: =+(H13-G13)/(AVERAGE(G13:H13)) -> -1 | L13: =IF(ABS(K13)>1%,"Yes","No") -> Yes | N13: =IF(I13=0,AVERAGE(G13,H13),MEDIAN(G13,H13,I13)) -> 100.5 | R13: =+B13 -> Mass | U13: =+N13 -> 100.5 | V13: kg | W13: =1/8.6*(+U13*((170.18/U$14)^3)-64.58) -> 1.7363956
B14: =IF(Info!D34,"Stature","Talla") -> Stature | G14: 184 | K14: =+(H14-G14)/(AVERAGE(G14:H14)) -> -1 | L14: =IF(ABS(K14)>1%,"Yes","No") -> Yes | N14: =IF(I14=0,AVERAGE(G14,H14),MEDIAN(G14,H14,I14)) -> 184 | R14: =+B14 -> Stature | U14: =+N14 -> 184 | V14: cm
B15: =IF(Info!D34,"Sitting height","Talla sentado") -> Sitting height | K15: =+(H15-G15)/(AVERAGE(G15:H15)) -> #DIV/0! | L15: =IF(ABS(K15)>1%,"Yes","No") -> #DIV/0! | N15: =IF(I15=0,AVERAGE(G15,H15),MEDIAN(G15,H15,I15)) -> #DIV/0! | R15: =+B15 -> Sitting height | U15: =+N15 -> #DIV/0! | V15: cm | W15: =1/4.5*(+U15*((170.18/U$14)^1)-89.92) -> #DIV/0!
B16: =IF(Info!D34,"Arm Span","Envergadura de brazos") -> Arm Span | K16: =+(H16-G16)/(AVERAGE(G16:H16)) -> #DIV/0! | L16: =IF(ABS(K16)>1%,"Yes","No") -> #DIV/0! | N16: =IF(I16=0,AVERAGE(G16,H16),MEDIAN(G16,H16,I16)) -> #DIV/0! | R16: =+B16 -> Arm Span | U16: =+N16 -> #DIV/0! | V16: cm | W16: =1/7.41*(+U16*((170.18/U$14)^1)-172.35) -> #DIV/0!
B17: =IF(Info!D34,"Triceps sf","PL Tríceps") -> Triceps sf | G17: 12 | K17: =+(H17-G17)/(AVERAGE(G17:H17)) -> -1 | L17: =IF(ABS(K17)>5%,"Yes","No") -> Yes | N17: =IF(I17=0,AVERAGE(G17,H17),MEDIAN(G17,H17,I17)) -> 12 | R17: =+B17 -> Triceps sf | U17: =+N17 -> 12 | V17: mm | W17: =1/4.47*(+U17*((170.18/U$14)^1)-15.4) -> -0.96226048
B18: =IF(Info!D34,"Subscapular sf","PL Subescapular") -> Subscapular sf | G18: 20 | K18: =+(H18-G18)/(AVERAGE(G18:H18)) -> -1 | L18: =IF(ABS(K18)>5%,"Yes","No") -> Yes | N18: =IF(I18=0,AVERAGE(G18,H18),MEDIAN(G18,H18,I18)) -> 20 | R18: =+B18 -> Subscapular sf | U18: =+N18 -> 20 | V18: mm | W18: =1/5.07*(+U18*((170.18/U$14)^1)-17.2) -> 0.25598148
B19: =IF(Info!D34,"Biceps sf","PL Bíceps") -> Biceps sf | G19: 7 | K19: =+(H19-G19)/(AVERAGE(G19:H19)) -> -1 | L19: =IF(ABS(K19)>5%,"Yes","No") -> Yes | N19: =IF(I19=0,AVERAGE(G19,H19),MEDIAN(G19,H19,I19)) -> 7 | R19: =+B19 -> Biceps sf | U19: =+N19 -> 7 | V19: mm | W19: =1/2*(+U19*((170.18/U$14)^1)-8) -> -0.76288043
B20: =IF(Info!D34,"Iliac crest sf","PL Cresta Iliaca") -> Iliac crest sf | G20: 43 | K20: =+(H20-G20)/(AVERAGE(G20:H20)) -> -1 | L20: =IF(ABS(K20)>5%,"Yes","No") -> Yes | N20: =IF(I20=0,AVERAGE(G20,H20),MEDIAN(G20,H20,I20)) -> 43 | R20: =+B20 -> Iliac crest sf | U20: =+N20 -> 43 | V20: mm | W20: =1/6.8*(+U20*((170.18/U$14)^1)-22.4) -> 2.5544597
B21: =IF(Info!D34,"Supraspinale sf","PL Supraespinal") -> Supraspinale sf | G21: 20 | K21: =+(H21-G21)/(AVERAGE(G21:H21)) -> -1 | L21: =IF(ABS(K21)>5%,"Yes","No") -> Yes | N21: =IF(I21=0,AVERAGE(G21,H21),MEDIAN(G21,H21,I21)) -> 20 | R21: =+B21 -> Supraspinale sf | U21: =+N21 -> 20 | V21: mm | W21: =1/4.47*(+U21*((170.18/U$14)^1)-15.4) -> 0.69302597
B22: =IF(Info!D34,"Abdominal sf","PL Abdominal") -> Abdominal sf | G22: 37 | K22: =+(H22-G22)/(AVERAGE(G22:H22)) -> -1 | L22: =IF(ABS(K22)>5%,"Yes","No") -> Yes | N22: =IF(I22=0,AVERAGE(G22,H22),MEDIAN(G22,H22,I22)) -> 37 | R22: =+B22 -> Abdominal sf | U22: =+N22 -> 37 | V22: mm | W22: =1/7.78*(+U22*((170.18/U$14)^1)-25.4) -> 1.1338018
B23: =IF(Info!D34,"Thigh sf","PL Muslo") -> Thigh sf | G23: 27 | K23: =+(H23-G23)/(AVERAGE(G23:H23)) -> -1 | L23: =IF(ABS(K23)>5%,"Yes","No") -> Yes | N23: =IF(I23=0,AVERAGE(G23,H23),MEDIAN(G23,H23,I23)) -> 27 | R23: =+B23 -> Thigh sf | U23: =+N23 -> 27 | V23: mm | W23: =1/8.33*(+U23*((170.18/U$14)^1)-27) -> -0.24344955
B24: =IF(Info!D34,"Calf sf","PL Pierna") -> Calf sf | G24: 8 | K24: =+(H24-G24)/(AVERAGE(G24:H24)) -> -1 | L24: =IF(ABS(K24)>5%,"Yes","No") -> Yes | N24: =IF(I24=0,AVERAGE(G24,H24),MEDIAN(G24,H24,I24)) -> 8 | R24: =+B24 -> Calf sf | U24: =+N24 -> 8 | V24: mm | W24: =1/4.67*(+U24*((170.18/U$14)^1)-16) -> -1.841728
B25: =IF(Info!D34,"Arm girth relaxed","PR Brazo relajado") -> Arm girth relaxed | G25: 37 | K25: =+(H25-G25)/(AVERAGE(G25:H25)) -> -1 | L25: =IF(ABS(K25)>1%,"Yes","No") -> Yes | N25: =IF(I25=0,AVERAGE(G25,H25),MEDIAN(G25,H25,I25)) -> 37 | R25: =+B25 -> Arm girth relaxed | U25: =+N25 -> 37 | V25: cm | W25: =1/2.33*(+U25*((170.18/U$14)^1)-26.89) -> 3.1463426
B26: =IF(Info!D34,"Corrected arm girth","PR Brazo corregido") -> Corrected arm girth | R26: =+B26 -> Corrected arm girth | U26: =+U25-(PI()*U17/10) -> 33.230089 | V26: cm | W26: =1/1.91*(+U26*((170.18/U$14)^1)-22.05) -> 4.5467121
B27: =IF(Info!D34,"Arm girth flexed and tensed","PR Brazo flexionado y contraído") -> Arm girth flexed and tensed | G27: 40 | K27: =+(H27-G27)/(AVERAGE(G27:H27)) -> -1 | L27: =IF(ABS(K27)>1%,"Yes","No") -> Yes | N27: =IF(I27=0,AVERAGE(G27,H27),MEDIAN(G27,H27,I27)) -> 40 | R27: =+B27 -> Arm girth flexed and tensed | U27: =+N27 -> 40 | V27: cm | W27: =1/2.37*(+U27*((170.18/U$14)^1)-29.41) -> 3.2006971
B28: =IF(Info!D34,"Waist girth","PR Cintura") -> Waist girth | G28: 101 | K28: =+(H28-G28)/(AVERAGE(G28:H28)) -> -1 | L28: =IF(ABS(K28)>1%,"Yes","No") -> Yes | N28: =IF(I28=0,AVERAGE(G28,H28),MEDIAN(G28,H28,I28)) -> 101 | R28: =+B28 -> Waist girth | U28: =+N28 -> 101 | V28: cm | W28: =1/4.45*(+U28*((170.18/U$14)^1)-71.91) -> 4.8323644
B29: =IF(Info!D34,"Hips girth","PR Caderas") -> Hips girth | G29: 115 | K29: =+(H29-G29)/(AVERAGE(G29:H29)) -> -1 | L29: =IF(ABS(K29)>1%,"Yes","No") -> Yes | N29: =IF(I29=0,AVERAGE(G29,H29),MEDIAN(G29,H29,I29)) -> 115 | R29: =+B29 -> Hips girth | U29: =+N29 -> 115 | V29: cm | W29: =1/5.58*(+U29*((170.18/U$14)^1)-94.67) -> 2.0954301
B30: =IF(Info!D34,"Thigh middle girth","PR Muslo medio") -> Thigh middle girth | G30: 60.5 | K30: =+(H30-G30)/(AVERAGE(G30:H30)) -> -1 | L30: =IF(ABS(K30)>1%,"Yes","No") -> Yes | N30: =IF(I30=0,AVERAGE(G30,H30),MEDIAN(G30,H30,I30)) -> 60.5 | R30: =+B30 -> Thigh middle girth | U30: =+N30 -> 60.5 | V30: cm | W30: =1/4.56*(+U30*((170.18/U$14)^1)-53.2) -> 0.60436928
B31: =IF(Info!D34,"Corrected thigh girth","PR Muslo corregido") -> Corrected thigh girth | R31: =+B31 -> Corrected thigh girth | U31: =+U30-(PI()*U23/10) -> 52.0177 | V31: cm | W31: =1/3.59*(+U31*((170.18/U$14)^1)-47.34) -> 0.21468475
B32: =IF(Info!D34,"Calf girth","PR Pierna") -> Calf girth | G32: 41.5 | K32: =+(H32-G32)/(AVERAGE(G32:H32)) -> -1 | L32: =IF(ABS(K32)>1%,"Yes","No") -> Yes | N32: =IF(I32=0,AVERAGE(G32,H32),MEDIAN(G32,H32,I32)) -> 41.5 | R32: =+B32 -> Calf girth | U32: =+N32 -> 41.5 | V32: cm | W32: =1/2.3*(+U32*((170.18/U$14)^1)-35.25) -> 1.3621692
B33: =IF(Info!D34,"Corrected calf girth","PR Pierna corregido") -> Corrected calf girth | R33: =+B33 -> Corrected calf girth | U33: =+U32-(PI()*U24/10) -> 38.986726 | V33: cm | W33: =1/1.97*(+U33*((170.18/U$14)^1)-30.22) -> 2.9636973
B34: =IF(Info!D34,"Humerus breadth","D Húmero") -> Humerus breadth | G34: 7.2 | K34: =+(H34-G34)/(AVERAGE(G34:H34)) -> -1 | L34: =IF(ABS(K34)>1%,"Yes","No") -> Yes | N34: =IF(I34=0,AVERAGE(G34,H34),MEDIAN(G34,H34,I34)) -> 7.2 | R34: =+B34 -> Humerus breadth | U34: =+N34 -> 7.2 | V34: cm | W34: =1/0.35*(+U34*((170.18/U$14)^1)-6.48) -> 0.51204969
B35: =IF(Info!D34,"Bi-styloid breadth","D Biestiloideo") -> Bi-styloid breadth | G35: 5.8 | K35: =+(H35-G35)/(AVERAGE(G35:H35)) -> -1 | L35: =IF(ABS(K35)>1%,"Yes","No") -> Yes | N35: =IF(I35=0,AVERAGE(G35,H35),MEDIAN(G35,H35,I35)) -> 5.8 | R35: =+B35 -> Bi-styloid breadth | U35: =+N35 -> 5.8 | V35: cm | W35: =1/0.28*(+U35*((170.18/U$14)^1)-5.21) -> 0.55131988
B36: =IF(Info!D34,"Femur breadth","D Fémur") -> Femur breadth | G36: 10.8 | K36: =+(H36-G36)/(AVERAGE(G36:H36)) -> -1 | L36: =IF(ABS(K36)>1%,"Yes","No") -> Yes | N36: =IF(I36=0,AVERAGE(G36,H36),MEDIAN(G36,H36,I36)) -> 10.8 | R36: =+B36 -> Femur breadth | U36: =+N36 -> 10.8 | V36: cm | W36: =1/0.48*(+U36*((170.18/U$14)^1)-9.52) -> 0.97672101
D39: 1ª Vs 2ª | E39: 1ªVs 3ª | F39: 2ª Vs 3ª | G39: =IF(Info!D34,"3rd measure taken?","¿3ª medida tomada?") -> 3rd measure taken? | H39: =IF(Info!D34,"3rd measure requested?","¿3ª medida solicitada?") -> 3rd measure requested? | I39: =IF(Info!D34,"He/she has not done 1st measure","No se ha realizado la 1ª medición") -> He/she has not done 1st measure | J39: =IF(Info!E34,"He/she has not done 2nd measure","No se ha realizado la 2ª medición") -> No se ha realizado la 2ª medición
B40: =B13 -> Mass | D40: =IF(G13=H13,1,0) -> 0 | E40: =IF(G13=I13,1,0) -> 0 | F40: =IF(H13=I13,1,0) -> 1 | G40: =IF(I13="",0,1) -> 0 | H40: =IF(L13="Yes",1,0) -> 1 | I40: =COUNTIF(G13,"") -> 0 | J40: =COUNTIF(H13,"") -> 1 | S40: ='3'!S40 -> Somatotype | T40: =IF(Info!D34,"Endomorphy","Endomorfia") -> Endomorphy | U40: =-0.7182+0.1451*((U17+U18+U21)*(170.18/U14))-0.00068*(((U17+U18+U21)*(170.18/U14))^2)+0.0000014*(((U17+U18+U21)*(170.18/U14))^3) -> 4.8431484
B41: =B14 -> Stature | D41: =IF(G14=H14,1,0) -> 0 | E41: =IF(G14=I14,1,0) -> 0 | F41: =IF(H14=I14,1,0) -> 1 | G41: =IF(I14="",0,1) -> 0 | H41: =IF(L14="Yes",1,0) -> 1 | I41: =COUNTIF(G14,"") -> 0 | J41: =COUNTIF(H14,"") -> 1 | S41: ='3'!S41 -> (Heath-Carter) | T41: =IF(Info!D34,"Mesomorphy","Mesomorfia") -> Mesomorphy | U41: =(0.858*U34)+(0.601*U36)+(0.188*(U27-(U17/10)))+(0.161*(U32-(U24/10)))-(0.131*U14)+4.5 -> 6.9115
B42: =B15 -> Sitting height | D42: =IF(G15=H15,1,0) -> 1 | E42: =IF(G15=I15,1,0) -> 1 | F42: =IF(H15=I15,1,0) -> 1 | G42: =IF(I15="",0,1) -> 0 | H42: =IF(L15="Yes",1,0) -> #DIV/0! | I42: =COUNTIF(G15,"") -> 1 | J42: =COUNTIF(H15,"") -> 1 | T42: =IF(Info!D34,"Ectomorphy","Ectomorfia") -> Ectomorphy | U42: =IF(V42>40.75,((0.732*V42)-28.58),IF(V42>38.28,((0.463*V42)-17.63),0.1)) -> 0.69357148 | V42: =U14/(U13^(1/3)) -> 39.575748
B43: =B16 -> Arm Span | D43: =IF(G16=H16,1,0) -> 1 | E43: =IF(G16=I16,1,0) -> 1 | F43: =IF(H16=I16,1,0) -> 1 | G43: =IF(I16="",0,1) -> 0 | H43: =IF(L16="Yes",1,0) -> #DIV/0! | I43: =COUNTIF(G16,"") -> 1 | J43: =COUNTIF(H16,"") -> 1
B44: =B17 -> Triceps sf | D44: =IF(G17=H17,1,0) -> 0 | E44: =IF(G17=I17,1,0) -> 0 | F44: =IF(H17=I17,1,0) -> 1 | G44: =IF(I17="",0,1) -> 0 | H44: =IF(L17="Yes",1,0) -> 1 | I44: =COUNTIF(G17,"") -> 0 | J44: =COUNTIF(H17,"") -> 1 | S44: ='3'!S44 -> Body Mass Index (MBI) | U44: =+U13/(U14/100)^2 -> 29.684546 | V44: ='3'!V44 -> kg/m2
B45: =B18 -> Subscapular sf | D45: =IF(G18=H18,1,0) -> 0 | E45: =IF(G18=I18,1,0) -> 0 | F45: =IF(H18=I18,1,0) -> 1 | G45: =IF(I18="",0,1) -> 0 | H45: =IF(L18="Yes",1,0) -> 1 | I45: =COUNTIF(G18,"") -> 0 | J45: =COUNTIF(H18,"") -> 1
B46: =B19 -> Biceps sf | D46: =IF(G19=H19,1,0) -> 0 | E46: =IF(G19=I19,1,0) -> 0 | F46: =IF(H19=I19,1,0) -> 1 | G46: =IF(I19="",0,1) -> 0 | H46: =IF(L19="Yes",1,0) -> 1 | I46: =COUNTIF(G19,"") -> 0 | J46: =COUNTIF(H19,"") -> 1 | S46: ='3'!S46 -> Waist/Hip ratio | U46: =+U28/U29 -> 0.87826087
B47: =B20 -> Iliac crest sf | D47: =IF(G20=H20,1,0) -> 0 | E47: =IF(G20=I20,1,0) -> 0 | F47: =IF(H20=I20,1,0) -> 1 | G47: =IF(I20="",0,1) -> 0 | H47: =IF(L20="Yes",1,0) -> 1 | I47: =COUNTIF(G20,"") -> 0 | J47: =COUNTIF(H20,"") -> 1
B48: =B21 -> Supraspinale sf | D48: =IF(G21=H21,1,0) -> 0 | E48: =IF(G21=I21,1,0) -> 0 | F48: =IF(H21=I21,1,0) -> 1 | G48: =IF(I21="",0,1) -> 0 | H48: =IF(L21="Yes",1,0) -> 1 | I48: =COUNTIF(G21,"") -> 0 | J48: =COUNTIF(H21,"") -> 1 | S48: ='3'!S48 -> Sum of 6 skinfolds | U48: =SUM(U17:U18,U21:U24) -> 124 | V48: ='3'!V48 -> mm
B49: =B22 -> Abdominal sf | D49: =IF(G22=H22,1,0) -> 0 | E49: =IF(G22=I22,1,0) -> 0 | F49: =IF(H22=I22,1,0) -> 1 | G49: =IF(I22="",0,1) -> 0 | H49: =IF(L22="Yes",1,0) -> 1 | I49: =COUNTIF(G22,"") -> 0 | J49: =COUNTIF(H22,"") -> 1 | S49: ='3'!S49 -> Sum of 8 skinfolds | U49: =SUM(U17:U24) -> 174 | V49: ='3'!V49 -> mm
B50: =B23 -> Thigh sf | D50: =IF(G23=H23,1,0) -> 0 | E50: =IF(G23=I23,1,0) -> 0 | F50: =IF(H23=I23,1,0) -> 1 | G50: =IF(I23="",0,1) -> 0 | H50: =IF(L23="Yes",1,0) -> 1 | I50: =COUNTIF(G23,"") -> 0 | J50: =COUNTIF(H23,"") -> 1
B51: =B24 -> Calf sf | D51: =IF(G24=H24,1,0) -> 0 | E51: =IF(G24=I24,1,0) -> 0 | F51: =IF(H24=I24,1,0) -> 1 | G51: =IF(I24="",0,1) -> 0 | H51: =IF(L24="Yes",1,0) -> 1 | I51: =COUNTIF(G24,"") -> 0 | J51: =COUNTIF(H24,"") -> 1 | S51: ='3'!S51 -> Fat percentage | U51: =IF(U8=1,0.735*(U17+U24)+1,0.61*(U17+U24)+5.1) -> 15.7 | V51: ='3'!V51 -> (Slaughter)
B52: =B25 -> Arm girth relaxed | D52: =IF(G25=H25,1,0) -> 0 | E52: =IF(G25=I25,1,0) -> 0 | F52: =IF(H25=I25,1,0) -> 1 | G52: =IF(I25="",0,1) -> 0 | H52: =IF(L25="Yes",1,0) -> 1 | I52: =COUNTIF(G25,"") -> 0 | J52: =COUNTIF(H25,"") -> 1 | U52: =IF(U8=1,0.153*(U17+U18+U21+U22)+5.783,0.213*(U17+U18+U21+U22)+7.9) -> 19.4 | V52: ='3'!V52 -> (Faulkner, from Yuhasz)
U53: =IF(U8=1,0.1051*(U48)+2.58,0.1548*(U48)+3.58) -> 15.6124 | V53: ='3'!V53 -> (Carter, from Yuhasz)
B54: =B27 -> Arm girth flexed and tensed | D54: =IF(G27=H27,1,0) -> 0 | E54: =IF(G27=I27,1,0) -> 0 | F54: =IF(H27=I27,1,0) -> 1 | G54: =IF(I27="",0,1) -> 0 | H54: =IF(L27="Yes",1,0) -> 1 | I54: =COUNTIF(G27,"") -> 0 | J54: =COUNTIF(H27,"") -> 1 | S54: ='3'!S54 -> Muscle percentage | U54: =(U14/100*(0.00744*U26^2+0.00088*U31^2+0.00441*U33^2)+(2.4*(IF(U8=1,1,0)))-0.048*((U10-U11)/365.25)+IF(U7="1",-2,IF(U7="2",1.1,0))+7.8)*100/U13 -> 35.796031 | V54: ='3'!V54 -> (Lee)
B55: =B28 -> Waist girth | D55: =IF(G28=H28,1,0) -> 0 | E55: =IF(G28=I28,1,0) -> 0 | F55: =IF(H28=I28,1,0) -> 1 | G55: =IF(I28="",0,1) -> 0 | H55: =IF(L28="Yes",1,0) -> 1 | I55: =COUNTIF(G28,"") -> 0 | J55: =COUNTIF(H28,"") -> 1 | U55: =(U14/100*((0.0064*(U26^2))+(0.0032*(U31^2))+(0.0015*(U33^2)))+(2.56*IF(U8=1,1,0))+(0.136*(U10-U11)/365.25))*100/U13 -> 52.587689 | V55: ='3'!V55 -> (Poortmans)
B56: =B29 -> Hips girth | D56: =IF(G29=H29,1,0) -> 0 | E56: =IF(G29=I29,1,0) -> 0 | F56: =IF(H29=I29,1,0) -> 1 | G56: =IF(I29="",0,1) -> 0 | H56: =IF(L29="Yes",1,0) -> 1 | I56: =COUNTIF(G29,"") -> 0 | J56: =COUNTIF(H29,"") -> 1 | S56: ='3'!S56 -> Bone percentage | U56: =(3.02*(((U14/100)^2)*(U35/100)*(U36/100)*400)^0.712)*100/U13 -> 13.771036 | V56: ='3'!V56 -> (Rocha)
B57: =B30 -> Thigh middle girth | D57: =IF(G30=H30,1,0) -> 0 | E57: =IF(G30=I30,1,0) -> 0 | F57: =IF(H30=I30,1,0) -> 1 | G57: =IF(I30="",0,1) -> 0 | H57: =IF(L30="Yes",1,0) -> 1 | I57: =COUNTIF(G30,"") -> 0 | J57: =COUNTIF(H30,"") -> 1
B59: =B32 -> Calf girth | D59: =IF(G32=H32,1,0) -> 0 | E59: =IF(G32=I32,1,0) -> 0 | F59: =IF(H32=I32,1,0) -> 1 | G59: =IF(I32="",0,1) -> 0 | H59: =IF(L32="Yes",1,0) -> 1 | I59: =COUNTIF(G32,"") -> 0 | J59: =COUNTIF(H32,"") -> 1
B61: =B34 -> Humerus breadth | D61: =IF(G34=H34,1,0) -> 0 | E61: =IF(G34=I34,1,0) -> 0 | F61: =IF(H34=I34,1,0) -> 1 | G61: =IF(I34="",0,1) -> 0 | H61: =IF(L34="Yes",1,0) -> 1 | I61: =COUNTIF(G34,"") -> 0 | J61: =COUNTIF(H34,"") -> 1
B62: =B35 -> Bi-styloid breadth | D62: =IF(G35=H35,1,0) -> 0 | E62: =IF(G35=I35,1,0) -> 0 | F62: =IF(H35=I35,1,0) -> 1 | G62: =IF(I35="",0,1) -> 0 | H62: =IF(L35="Yes",1,0) -> 1 | I62: =COUNTIF(G35,"") -> 0 | J62: =COUNTIF(H35,"") -> 1
B63: =B36 -> Femur breadth | D63: =IF(G36=H36,1,0) -> 0 | E63: =IF(G36=I36,1,0) -> 0 | F63: =IF(H36=I36,1,0) -> 1 | G63: =IF(I36="",0,1) -> 0 | H63: =IF(L36="Yes",1,0) -> 1 | I63: =COUNTIF(G36,"") -> 0 | J63: =COUNTIF(H36,"") -> 1
D64: =SUM(D40:D63) -> 2 | E64: =SUM(E40:E63) -> 2 | F64: =SUM(F40:F63) -> 21 | G64: =SUM(G40:G63) -> 0 | H64: =SUM(H40:H63) -> #DIV/0! | I64: =SUM(I40:I63) -> 2 | J64: =SUM(J40:J63) -> 21
B67: =B13 -> Mass | G67: =+G13 -> 100.5 | H67: =+H13 -> 0 | I67: =+I13 -> 0 | J67: =ABS(G67-H67) -> 100.5 | K67: =ABS(I67-G67) -> 100.5 | L67: =ABS(H67-I67) -> 0 | M67: =IF(J67=MIN(J67:L67),G67,IF(K67=MIN(J67:L67),G67,H67)) -> 0 | N67: =IF(J67=MIN(J67:L67),H67,IF(K67=MIN(J67:L67),I67,I67)) -> 0
B68: =B14 -> Stature | G68: =+G14 -> 184 | H68: =+H14 -> 0 | I68: =+I14 -> 0 | J68: =ABS(G68-H68) -> 184 | K68: =ABS(I68-G68) -> 184 | L68: =ABS(H68-I68) -> 0 | M68: =IF(J68=MIN(J68:L68),G68,IF(K68=MIN(J68:L68),G68,H68)) -> 0 | N68: =IF(J68=MIN(J68:L68),H68,IF(K68=MIN(J68:L68),I68,I68)) -> 0
B69: =B15 -> Sitting height | G69: =+G15 -> 0 | H69: =+H15 -> 0 | I69: =+I15 -> 0 | J69: =ABS(G69-H69) -> 0 | K69: =ABS(I69-G69) -> 0 | L69: =ABS(H69-I69) -> 0 | M69: =IF(J69=MIN(J69:L69),G69,IF(K69=MIN(J69:L69),G69,H69)) -> 0 | N69: =IF(J69=MIN(J69:L69),H69,IF(K69=MIN(J69:L69),I69,I69)) -> 0
B70: =B16 -> Arm Span | G70: =+G16 -> 0 | H70: =+H16 -> 0 | I70: =+I16 -> 0 | J70: =ABS(G70-H70) -> 0 | K70: =ABS(I70-G70) -> 0 | L70: =ABS(H70-I70) -> 0 | M70: =IF(J70=MIN(J70:L70),G70,IF(K70=MIN(J70:L70),G70,H70)) -> 0 | N70: =IF(J70=MIN(J70:L70),H70,IF(K70=MIN(J70:L70),I70,I70)) -> 0
B71: =B17 -> Triceps sf | G71: =+G17 -> 12 | H71: =+H17 -> 0 | I71: =+I17 -> 0 | J71: =ABS(G71-H71) -> 12 | K71: =ABS(I71-G71) -> 12 | L71: =ABS(H71-I71) -> 0 | M71: =IF(J71=MIN(J71:L71),G71,IF(K71=MIN(J71:L71),G71,H71)) -> 0 | N71: =IF(J71=MIN(J71:L71),H71,IF(K71=MIN(J71:L71),I71,I71)) -> 0
B72: =B18 -> Subscapular sf | G72: =+G18 -> 20 | H72: =+H18 -> 0 | I72: =+I18 -> 0 | J72: =ABS(G72-H72) -> 20 | K72: =ABS(I72-G72) -> 20 | L72: =ABS(H72-I72) -> 0 | M72: =IF(J72=MIN(J72:L72),G72,IF(K72=MIN(J72:L72),G72,H72)) -> 0 | N72: =IF(J72=MIN(J72:L72),H72,IF(K72=MIN(J72:L72),I72,I72)) -> 0
B73: =B19 -> Biceps sf | G73: =+G19 -> 7 | H73: =+H19 -> 0 | I73: =+I19 -> 0 | J73: =ABS(G73-H73) -> 7 | K73: =ABS(I73-G73) -> 7 | L73: =ABS(H73-I73) -> 0 | M73: =IF(J73=MIN(J73:L73),G73,IF(K73=MIN(J73:L73),G73,H73)) -> 0 | N73: =IF(J73=MIN(J73:L73),H73,IF(K73=MIN(J73:L73),I73,I73)) -> 0
B74: =B20 -> Iliac crest sf | G74: =+G20 -> 43 | H74: =+H20 -> 0 | I74: =+I20 -> 0 | J74: =ABS(G74-H74) -> 43 | K74: =ABS(I74-G74) -> 43 | L74: =ABS(H74-I74) -> 0 | M74: =IF(J74=MIN(J74:L74),G74,IF(K74=MIN(J74:L74),G74,H74)) -> 0 | N74: =IF(J74=MIN(J74:L74),H74,IF(K74=MIN(J74:L74),I74,I74)) -> 0
B75: =B21 -> Supraspinale sf | G75: =+G21 -> 20 | H75: =+H21 -> 0 | I75: =+I21 -> 0 | J75: =ABS(G75-H75) -> 20 | K75: =ABS(I75-G75) -> 20 | L75: =ABS(H75-I75) -> 0 | M75: =IF(J75=MIN(J75:L75),G75,IF(K75=MIN(J75:L75),G75,H75)) -> 0 | N75: =IF(J75=MIN(J75:L75),H75,IF(K75=MIN(J75:L75),I75,I75)) -> 0
B76: =B22 -> Abdominal sf | G76: =+G22 -> 37 | H76: =+H22 -> 0 | I76: =+I22 -> 0 | J76: =ABS(G76-H76) -> 37 | K76: =ABS(I76-G76) -> 37 | L76: =ABS(H76-I76) -> 0 | M76: =IF(J76=MIN(J76:L76),G76,IF(K76=MIN(J76:L76),G76,H76)) -> 0 | N76: =IF(J76=MIN(J76:L76),H76,IF(K76=MIN(J76:L76),I76,I76)) -> 0
B77: =B23 -> Thigh sf | G77: =+G23 -> 27 | H77: =+H23 -> 0 | I77: =+I23 -> 0 | J77: =ABS(G77-H77) -> 27 | K77: =ABS(I77-G77) -> 27 | L77: =ABS(H77-I77) -> 0 | M77: =IF(J77=MIN(J77:L77),G77,IF(K77=MIN(J77:L77),G77,H77)) -> 0 | N77: =IF(J77=MIN(J77:L77),H77,IF(K77=MIN(J77:L77),I77,I77)) -> 0
B78: =B24 -> Calf sf | G78: =+G24 -> 8 | H78: =+H24 -> 0 | I78: =+I24 -> 0 | J78: =ABS(G78-H78) -> 8 | K78: =ABS(I78-G78) -> 8 | L78: =ABS(H78-I78) -> 0 | M78: =IF(J78=MIN(J78:L78),G78,IF(K78=MIN(J78:L78),G78,H78)) -> 0 | N78: =IF(J78=MIN(J78:L78),H78,IF(K78=MIN(J78:L78),I78,I78)) -> 0
B79: =B25 -> Arm girth relaxed | G79: =+G25 -> 37 | H79: =+H25 -> 0 | I79: =+I25 -> 0 | J79: =ABS(G79-H79) -> 37 | K79: =ABS(I79-G79) -> 37 | L79: =ABS(H79-I79) -> 0 | M79: =IF(J79=MIN(J79:L79),G79,IF(K79=MIN(J79:L79),G79,H79)) -> 0 | N79: =IF(J79=MIN(J79:L79),H79,IF(K79=MIN(J79:L79),I79,I79)) -> 0
B80: =B27 -> Arm girth flexed and tensed | G80: =+G27 -> 40 | H80: =+H27 -> 0 | I80: =+I27 -> 0 | J80: =ABS(G80-H80) -> 40 | K80: =ABS(I80-G80) -> 40 | L80: =ABS(H80-I80) -> 0 | M80: =IF(J80=MIN(J80:L80),G80,IF(K80=MIN(J80:L80),G80,H80)) -> 0 | N80: =IF(J80=MIN(J80:L80),H80,IF(K80=MIN(J80:L80),I80,I80)) -> 0
B81: =B28 -> Waist girth | G81: =+G28 -> 101 | H81: =+H28 -> 0 | I81: =+I28 -> 0 | J81: =ABS(G81-H81) -> 101 | K81: =ABS(I81-G81) -> 101 | L81: =ABS(H81-I81) -> 0 | M81: =IF(J81=MIN(J81:L81),G81,IF(K81=MIN(J81:L81),G81,H81)) -> 0 | N81: =IF(J81=MIN(J81:L81),H81,IF(K81=MIN(J81:L81),I81,I81)) -> 0
B82: =B29 -> Hips girth | G82: =+G29 -> 115 | H82: =+H29 -> 0 | I82: =+I29 -> 0 | J82: =ABS(G82-H82) -> 115 | K82: =ABS(I82-G82) -> 115 | L82: =ABS(H82-I82) -> 0 | M82: =IF(J82=MIN(J82:L82),G82,IF(K82=MIN(J82:L82),G82,H82)) -> 0 | N82: =IF(J82=MIN(J82:L82),H82,IF(K82=MIN(J82:L82),I82,I82)) -> 0
B83: =B30 -> Thigh middle girth | G83: =+G30 -> 60.5 | H83: =+H30 -> 0 | I83: =+I30 -> 0 | J83: =ABS(G83-H83) -> 60.5 | K83: =ABS(I83-G83) -> 60.5 | L83: =ABS(H83-I83) -> 0 | M83: =IF(J83=MIN(J83:L83),G83,IF(K83=MIN(J83:L83),G83,H83)) -> 0 | N83: =IF(J83=MIN(J83:L83),H83,IF(K83=MIN(J83:L83),I83,I83)) -> 0
B84: =B32 -> Calf girth | G84: =+G32 -> 41.5 | H84: =+H32 -> 0 | I84: =+I32 -> 0 | J84: =ABS(G84-H84) -> 41.5 | K84: =ABS(I84-G84) -> 41.5 | L84: =ABS(H84-I84) -> 0 | M84: =IF(J84=MIN(J84:L84),G84,IF(K84=MIN(J84:L84),G84,H84)) -> 0 | N84: =IF(J84=MIN(J84:L84),H84,IF(K84=MIN(J84:L84),I84,I84)) -> 0
B85: =B34 -> Humerus breadth | G85: =+G34 -> 7.2 | H85: =+H34 -> 0 | I85: =+I34 -> 0 | J85: =ABS(G85-H85) -> 7.2 | K85: =ABS(I85-G85) -> 7.2 | L85: =ABS(H85-I85) -> 0 | M85: =IF(J85=MIN(J85:L85),G85,IF(K85=MIN(J85:L85),G85,H85)) -> 0 | N85: =IF(J85=MIN(J85:L85),H85,IF(K85=MIN(J85:L85),I85,I85)) -> 0
B86: =B35 -> Bi-styloid breadth | G86: =+G35 -> 5.8 | H86: =+H35 -> 0 | I86: =+I35 -> 0 | J86: =ABS(G86-H86) -> 5.8 | K86: =ABS(I86-G86) -> 5.8 | L86: =ABS(H86-I86) -> 0 | M86: =IF(J86=MIN(J86:L86),G86,IF(K86=MIN(J86:L86),G86,H86)) -> 0 | N86: =IF(J86=MIN(J86:L86),H86,IF(K86=MIN(J86:L86),I86,I86)) -> 0
B87: =B36 -> Femur breadth | G87: =+G36 -> 10.8 | H87: =+H36 -> 0 | I87: =+I36 -> 0 | J87: =ABS(G87-H87) -> 10.8 | K87: =ABS(I87-G87) -> 10.8 | L87: =ABS(H87-I87) -> 0 | M87: =IF(J87=MIN(J87:L87),G87,IF(K87=MIN(J87:L87),G87,H87)) -> 0 | N87: =IF(J87=MIN(J87:L87),H87,IF(K87=MIN(J87:L87),I87,I87)) -> 0

Sheet 2
B2: =IF(Info!D34,"ISAK RESTRICTED PROFORMA","PROFORMA PERFIL RESTRINGIDO ISAK") -> ISAK RESTRICTED PROFORMA | R2: =IF(Info!D34,"ISAK PROFORMA PRINTOUT","INFORME PROFORMA ISAK") -> ISAK PROFORMA PRINTOUT
B4: =IF(Info!D34,"Name","Nombre") -> Name | R4: =+B4 -> Name | U4: =+G4 -> 0
B5: =IF(Info!D34,"Surname","Apellidos") -> Surname | R5: =+B5 -> Surname | U5: =+G5 -> 0
B6: =IF(Info!D34,"Country","País") -> Country | R6: =+B6 -> Country | U6: =+G6 -> 0
B7: =IF(Info!D34,"Ethnicity (Asian=1; African-American=2; Caucasian=3)","Raza (asiático=1; afro-americano=2; caucásico=3)") -> Ethnicity (Asian=1; African-American=2; Caucasian=3) | G7: 3 | R7: =+B7 -> Ethnicity (Asian=1; African-American=2; Caucasian=3) | U7: =+G7 -> 3
B8: =IF(Info!D34,"Sex (male=1, female=2)","Sexo (hombre=1, mujer=2)") -> Sex (male=1, female=2) | G8: 1 | R8: =+B8 -> Sex (male=1, female=2) | U8: =+G8 -> 1
B9: =IF(Info!D34,"Sport","Deporte") -> Sport | R9: =+B9 -> Sport | U9: =+G9 -> 0
B10: =IF(Info!D34,"Date of Measurement","Fecha de la valoración") -> Date of Measurement | G10: 46175 | R10: =+B10 -> Date of Measurement | U10: =+G10 -> 46175
B11: =IF(Info!D34,"Date of Birth","Fecha de nacimiento") -> Date of Birth | K11: =IF(Info!D34,"3rd measure?","¿3ª medida?") -> 3rd measure? | N11: =IF(Info!D34,"Mean or Median","Media o Mediana") -> Mean or Median | R11: =+B11 -> Date of Birth | U11: =+G11 -> 0
B12: =IF(Info!D34,"Measure","Medida") -> Measure | G12: 1 | H12: 2 | I12: 3 | U12: =IF(Info!D34,"Value", "Valor") -> Value | W12: =IF(Info!D34,"Phantom Z-value","Valor Z del Phantom") -> Phantom Z-value
B13: =IF(Info!D34,"Mass","Masa corporal") -> Mass | G13: 97.5 | K13: =+(H13-G13)/(AVERAGE(G13:H13)) -> -1 | L13: =IF(ABS(K13)>1%,"Yes","No") -> Yes | N13: =IF(I13=0,AVERAGE(G13,H13),MEDIAN(G13,H13,I13)) -> 97.5 | R13: =+B13 -> Mass | U13: =+N13 -> 97.5 | V13: kg | W13: =1/8.6*(+U13*((170.18/U$14)^3)-64.58) -> 1.4604046
B14: =IF(Info!D34,"Stature","Talla") -> Stature | G14: 184 | K14: =+(H14-G14)/(AVERAGE(G14:H14)) -> -1 | L14: =IF(ABS(K14)>1%,"Yes","No") -> Yes | N14: =IF(I14=0,AVERAGE(G14,H14),MEDIAN(G14,H14,I14)) -> 184 | R14: =+B14 -> Stature | U14: =+N14 -> 184 | V14: cm
B15: =IF(Info!D34,"Sitting height","Talla sentado") -> Sitting height | K15: =+(H15-G15)/(AVERAGE(G15:H15)) -> #DIV/0! | L15: =IF(ABS(K15)>1%,"Yes","No") -> #DIV/0! | N15: =IF(I15=0,AVERAGE(G15,H15),MEDIAN(G15,H15,I15)) -> #DIV/0! | R15: =+B15 -> Sitting height | U15: =+N15 -> #DIV/0! | V15: cm | W15: =1/4.5*(+U15*((170.18/U$14)^1)-89.92) -> #DIV/0!
B16: =IF(Info!D34,"Arm Span","Envergadura de brazos") -> Arm Span | K16: =+(H16-G16)/(AVERAGE(G16:H16)) -> #DIV/0! | L16: =IF(ABS(K16)>1%,"Yes","No") -> #DIV/0! | N16: =IF(I16=0,AVERAGE(G16,H16),MEDIAN(G16,H16,I16)) -> #DIV/0! | R16: =+B16 -> Arm Span | U16: =+N16 -> #DIV/0! | V16: cm | W16: =1/7.41*(+U16*((170.18/U$14)^1)-172.35) -> #DIV/0!
B17: =IF(Info!D34,"Triceps sf","PL Tríceps") -> Triceps sf | G17: 12 | K17: =+(H17-G17)/(AVERAGE(G17:H17)) -> -1 | L17: =IF(ABS(K17)>5%,"Yes","No") -> Yes | N17: =IF(I17=0,AVERAGE(G17,H17),MEDIAN(G17,H17,I17)) -> 12 | R17: =+B17 -> Triceps sf | U17: =+N17 -> 12 | V17: mm | W17: =1/4.47*(+U17*((170.18/U$14)^1)-15.4) -> -0.96226048
B18: =IF(Info!D34,"Subscapular sf","PL Subescapular") -> Subscapular sf | G18: 18 | K18: =+(H18-G18)/(AVERAGE(G18:H18)) -> -1 | L18: =IF(ABS(K18)>5%,"Yes","No") -> Yes | N18: =IF(I18=0,AVERAGE(G18,H18),MEDIAN(G18,H18,I18)) -> 18 | R18: =+B18 -> Subscapular sf | U18: =+N18 -> 18 | V18: mm | W18: =1/5.07*(+U18*((170.18/U$14)^1)-17.2) -> -0.10886716
B19: =IF(Info!D34,"Biceps sf","PL Bíceps") -> Biceps sf | G19: 5 | K19: =+(H19-G19)/(AVERAGE(G19:H19)) -> -1 | L19: =IF(ABS(K19)>5%,"Yes","No") -> Yes | N19: =IF(I19=0,AVERAGE(G19,H19),MEDIAN(G19,H19,I19)) -> 5 | R19: =+B19 -> Biceps sf | U19: =+N19 -> 5 | V19: mm | W19: =1/2*(+U19*((170.18/U$14)^1)-8) -> -1.6877717
B20: =IF(Info!D34,"Iliac crest sf","PL Cresta Iliaca") -> Iliac crest sf | G20: 35 | K20: =+(H20-G20)/(AVERAGE(G20:H20)) -> -1 | L20: =IF(ABS(K20)>5%,"Yes","No") -> Yes | N20: =IF(I20=0,AVERAGE(G20,H20),MEDIAN(G20,H20,I20)) -> 35 | R20: =+B20 -> Iliac crest sf | U20: =+N20 -> 35 | V20: mm | W20: =1/6.8*(+U20*((170.18/U$14)^1)-22.4) -> 1.4663523
B21: =IF(Info!D34,"Supraspinale sf","PL Supraespinal") -> Supraspinale sf | G21: 17 | K21: =+(H21-G21)/(AVERAGE(G21:H21)) -> -1 | L21: =IF(ABS(K21)>5%,"Yes","No") -> Yes | N21: =IF(I21=0,AVERAGE(G21,H21),MEDIAN(G21,H21,I21)) -> 17 | R21: =+B21 -> Supraspinale sf | U21: =+N21 -> 17 | V21: mm | W21: =1/4.47*(+U21*((170.18/U$14)^1)-15.4) -> 0.072293551
B22: =IF(Info!D34,"Abdominal sf","PL Abdominal") -> Abdominal sf | G22: 34 | K22: =+(H22-G22)/(AVERAGE(G22:H22)) -> -1 | L22: =IF(ABS(K22)>5%,"Yes","No") -> Yes | N22: =IF(I22=0,AVERAGE(G22,H22),MEDIAN(G22,H22,I22)) -> 34 | R22: =+B22 -> Abdominal sf | U22: =+N22 -> 34 | V22: mm | W22: =1/7.78*(+U22*((170.18/U$14)^1)-25.4) -> 0.77715994
B23: =IF(Info!D34,"Thigh sf","PL Muslo") -> Thigh sf | G23: 22 | K23: =+(H23-G23)/(AVERAGE(G23:H23)) -> -1 | L23: =IF(ABS(K23)>5%,"Yes","No") -> Yes | N23: =IF(I23=0,AVERAGE(G23,H23),MEDIAN(G23,H23,I23)) -> 22 | R23: =+B23 -> Thigh sf | U23: =+N23 -> 22 | V23: mm | W23: =1/8.33*(+U23*((170.18/U$14)^1)-27) -> -0.7986064
B24: =IF(Info!D34,"Calf sf","PL Pierna") -> Calf sf | G24: 7 | K24: =+(H24-G24)/(AVERAGE(G24:H24)) -> -1 | L24: =IF(ABS(K24)>5%,"Yes","No") -> Yes | N24: =IF(I24=0,AVERAGE(G24,H24),MEDIAN(G24,H24,I24)) -> 7 | R24: =+B24 -> Calf sf | U24: =+N24 -> 7 | V24: mm | W24: =1/4.67*(+U24*((170.18/U$14)^1)-16) -> -2.0397775
B25: =IF(Info!D34,"Arm girth relaxed","PR Brazo relajado") -> Arm girth relaxed | G25: 37.5 | K25: =+(H25-G25)/(AVERAGE(G25:H25)) -> -1 | L25: =IF(ABS(K25)>1%,"Yes","No") -> Yes | N25: =IF(I25=0,AVERAGE(G25,H25),MEDIAN(G25,H25,I25)) -> 37.5 | R25: =+B25 -> Arm girth relaxed | U25: =+N25 -> 37.5 | V25: cm | W25: =1/2.33*(+U25*((170.18/U$14)^1)-26.89) -> 3.3448171
B26: =IF(Info!D34,"Corrected arm girth","PR Brazo corregido") -> Corrected arm girth | R26: =+B26 -> Corrected arm girth | U26: =+U25-(PI()*U17/10) -> 33.730089 | V26: cm | W26: =1/1.91*(+U26*((170.18/U$14)^1)-22.05) -> 4.7888303
B27: =IF(Info!D34,"Arm girth flexed and tensed","PR Brazo flexionado y contraído") -> Arm girth flexed and tensed | G27: 40.2 | K27: =+(H27-G27)/(AVERAGE(G27:H27)) -> -1 | L27: =IF(ABS(K27)>1%,"Yes","No") -> Yes | N27: =IF(I27=0,AVERAGE(G27,H27),MEDIAN(G27,H27,I27)) -> 40.2 | R27: =+B27 -> Arm girth flexed and tensed | U27: =+N27 -> 40.2 | V27: cm | W27: =1/2.37*(+U27*((170.18/U$14)^1)-29.41) -> 3.278747
B28: =IF(Info!D34,"Waist girth","PR Cintura") -> Waist girth | G28: 96 | K28: =+(H28-G28)/(AVERAGE(G28:H28)) -> -1 | L28: =IF(ABS(K28)>1%,"Yes","No") -> Yes | N28: =IF(I28=0,AVERAGE(G28,H28),MEDIAN(G28,H28,I28)) -> 96 | R28: =+B28 -> Waist girth | U28: =+N28 -> 96 | V28: cm | W28: =1/4.45*(+U28*((170.18/U$14)^1)-71.91) -> 3.7931607
B29: =IF(Info!D34,"Hips girth","PR Caderas") -> Hips girth | G29: 110 | K29: =+(H29-G29)/(AVERAGE(G29:H29)) -> -1 | L29: =IF(ABS(K29)>1%,"Yes","No") -> Yes | N29: =IF(I29=0,AVERAGE(G29,H29),MEDIAN(G29,H29,I29)) -> 110 | R29: =+B29 -> Hips girth | U29: =+N29 -> 110 | V29: cm | W29: =1/5.58*(+U29*((170.18/U$14)^1)-94.67) -> 1.2666745
B30: =IF(Info!D34,"Thigh middle girth","PR Muslo medio") -> Thigh middle girth | G30: 60.5 | K30: =+(H30-G30)/(AVERAGE(G30:H30)) -> -1 | L30: =IF(ABS(K30)>1%,"Yes","No") -> Yes | N30: =IF(I30=0,AVERAGE(G30,H30),MEDIAN(G30,H30,I30)) -> 60.5 | R30: =+B30 -> Thigh middle girth | U30: =+N30 -> 60.5 | V30: cm | W30: =1/4.56*(+U30*((170.18/U$14)^1)-53.2) -> 0.60436928
B31: =IF(Info!D34,"Corrected thigh girth","PR Muslo corregido") -> Corrected thigh girth | R31: =+B31 -> Corrected thigh girth | U31: =+U30-(PI()*U23/10) -> 53.588496 | V31: cm | W31: =1/3.59*(+U31*((170.18/U$14)^1)-47.34) -> 0.61936883
B32: =IF(Info!D34,"Calf girth","PR Pierna") -> Calf girth | G32: 41.2 | K32: =+(H32-G32)/(AVERAGE(G32:H32)) -> -1 | L32: =IF(ABS(K32)>1%,"Yes","No") -> Yes | N32: =IF(I32=0,AVERAGE(G32,H32),MEDIAN(G32,H32,I32)) -> 41.2 | R32: =+B32 -> Calf girth | U32: =+N32 -> 41.2 | V32: cm | W32: =1/2.3*(+U32*((170.18/U$14)^1)-35.25) -> 1.2415312
B33: =IF(Info!D34,"Corrected calf girth","PR Pierna corregido") -> Corrected calf girth | R33: =+B33 -> Corrected calf girth | U33: =+U32-(PI()*U24/10) -> 39.000885 | V33: cm | W33: =1/1.97*(+U33*((170.18/U$14)^1)-30.22) -> 2.9703449
B34: =IF(Info!D34,"Humerus breadth","D Húmero") -> Humerus breadth | G34: 7.2 | K34: =+(H34-G34)/(AVERAGE(G34:H34)) -> -1 | L34: =IF(ABS(K34)>1%,"Yes","No") -> Yes | N34: =IF(I34=0,AVERAGE(G34,H34),MEDIAN(G34,H34,I34)) -> 7.2 | R34: =+B34 -> Humerus breadth | U34: =+N34 -> 7.2 | V34: cm | W34: =1/0.35*(+U34*((170.18/U$14)^1)-6.48) -> 0.51204969
B35: =IF(Info!D34,"Bi-styloid breadth","D Biestiloideo") -> Bi-styloid breadth | G35: 5.8 | K35: =+(H35-G35)/(AVERAGE(G35:H35)) -> -1 | L35: =IF(ABS(K35)>1%,"Yes","No") -> Yes | N35: =IF(I35=0,AVERAGE(G35,H35),MEDIAN(G35,H35,I35)) -> 5.8 | R35: =+B35 -> Bi-styloid breadth | U35: =+N35 -> 5.8 | V35: cm | W35: =1/0.28*(+U35*((170.18/U$14)^1)-5.21) -> 0.55131988
B36: =IF(Info!D34,"Femur breadth","D Fémur") -> Femur breadth | G36: 10.8 | K36: =+(H36-G36)/(AVERAGE(G36:H36)) -> -1 | L36: =IF(ABS(K36)>1%,"Yes","No") -> Yes | N36: =IF(I36=0,AVERAGE(G36,H36),MEDIAN(G36,H36,I36)) -> 10.8 | R36: =+B36 -> Femur breadth | U36: =+N36 -> 10.8 | V36: cm | W36: =1/0.48*(+U36*((170.18/U$14)^1)-9.52) -> 0.97672101
D39: 1ª Vs 2ª | E39: 1ªVs 3ª | F39: 2ª Vs 3ª | G39: =IF(Info!D34,"3rd measure taken?","¿3ª medida tomada?") -> 3rd measure taken? | H39: =IF(Info!D34,"3rd measure requested?","¿3ª medida solicitada?") -> 3rd measure requested? | I39: =IF(Info!D34,"He/she has not done 1st measure","No se ha realizado la 1ª medición") -> He/she has not done 1st measure | J39: =IF(Info!E34,"He/she has not done 2nd measure","No se ha realizado la 2ª medición") -> No se ha realizado la 2ª medición
B40: =B13 -> Mass | D40: =IF(G13=H13,1,0) -> 0 | E40: =IF(G13=I13,1,0) -> 0 | F40: =IF(H13=I13,1,0) -> 1 | G40: =IF(I13="",0,1) -> 0 | H40: =IF(L13="Yes",1,0) -> 1 | I40: =COUNTIF(G13,"") -> 0 | J40: =COUNTIF(H13,"") -> 1 | S40: ='3'!S40 -> Somatotype | T40: =IF(Info!D34,"Endomorphy","Endomorfia") -> Endomorphy | U40: =-0.7182+0.1451*((U17+U18+U21)*(170.18/U14))-0.00068*(((U17+U18+U21)*(170.18/U14))^2)+0.0000014*(((U17+U18+U21)*(170.18/U14))^3) -> 4.4193307
B41: =B14 -> Stature | D41: =IF(G14=H14,1,0) -> 0 | E41: =IF(G14=I14,1,0) -> 0 | F41: =IF(H14=I14,1,0) -> 1 | G41: =IF(I14="",0,1) -> 0 | H41: =IF(L14="Yes",1,0) -> 1 | I41: =COUNTIF(G14,"") -> 0 | J41: =COUNTIF(H14,"") -> 1 | S41: ='3'!S41 -> (Heath-Carter) | T41: =IF(Info!D34,"Mesomorphy","Mesomorfia") -> Mesomorphy | U41: =(0.858*U34)+(0.601*U36)+(0.188*(U27-(U17/10)))+(0.161*(U32-(U24/10)))-(0.131*U14)+4.5 -> 6.9169
B42: =B15 -> Sitting height | D42: =IF(G15=H15,1,0) -> 1 | E42: =IF(G15=I15,1,0) -> 1 | F42: =IF(H15=I15,1,0) -> 1 | G42: =IF(I15="",0,1) -> 0 | H42: =IF(L15="Yes",1,0) -> #DIV/0! | I42: =COUNTIF(G15,"") -> 1 | J42: =COUNTIF(H15,"") -> 1 | T42: =IF(Info!D34,"Ectomorphy","Ectomorfia") -> Ectomorphy | U42: =IF(V42>40.75,((0.732*V42)-28.58),IF(V42>38.28,((0.463*V42)-17.63),0.1)) -> 0.87961031 | V42: =U14/(U13^(1/3)) -> 39.97756
B43: =B16 -> Arm Span | D43: =IF(G16=H16,1,0) -> 1 | E43: =IF(G16=I16,1,0) -> 1 | F43: =IF(H16=I16,1,0) -> 1 | G43: =IF(I16="",0,1) -> 0 | H43: =IF(L16="Yes",1,0) -> #DIV/0! | I43: =COUNTIF(G16,"") -> 1 | J43: =COUNTIF(H16,"") -> 1
B44: =B17 -> Triceps sf | D44: =IF(G17=H17,1,0) -> 0 | E44: =IF(G17=I17,1,0) -> 0 | F44: =IF(H17=I17,1,0) -> 1 | G44: =IF(I17="",0,1) -> 0 | H44: =IF(L17="Yes",1,0) -> 1 | I44: =COUNTIF(G17,"") -> 0 | J44: =COUNTIF(H17,"") -> 1 | S44: ='3'!S44 -> Body Mass Index (MBI) | U44: =+U13/(U14/100)^2 -> 28.79844 | V44: ='3'!V44 -> kg/m2
B45: =B18 -> Subscapular sf | D45: =IF(G18=H18,1,0) -> 0 | E45: =IF(G18=I18,1,0) -> 0 | F45: =IF(H18=I18,1,0) -> 1 | G45: =IF(I18="",0,1) -> 0 | H45: =IF(L18="Yes",1,0) -> 1 | I45: =COUNTIF(G18,"") -> 0 | J45: =COUNTIF(H18,"") -> 1
B46: =B19 -> Biceps sf | D46: =IF(G19=H19,1,0) -> 0 | E46: =IF(G19=I19,1,0) -> 0 | F46: =IF(H19=I19,1,0) -> 1 | G46: =IF(I19="",0,1) -> 0 | H46: =IF(L19="Yes",1,0) -> 1 | I46: =COUNTIF(G19,"") -> 0 | J46: =COUNTIF(H19,"") -> 1 | S46: ='3'!S46 -> Waist/Hip ratio | U46: =+U28/U29 -> 0.87272727
B47: =B20 -> Iliac crest sf | D47: =IF(G20=H20,1,0) -> 0 | E47: =IF(G20=I20,1,0) -> 0 | F47: =IF(H20=I20,1,0) -> 1 | G47: =IF(I20="",0,1) -> 0 | H47: =IF(L20="Yes",1,0) -> 1 | I47: =COUNTIF(G20,"") -> 0 | J47: =COUNTIF(H20,"") -> 1
B48: =B21 -> Supraspinale sf | D48: =IF(G21=H21,1,0) -> 0 | E48: =IF(G21=I21,1,0) -> 0 | F48: =IF(H21=I21,1,0) -> 1 | G48: =IF(I21="",0,1) -> 0 | H48: =IF(L21="Yes",1,0) -> 1 | I48: =COUNTIF(G21,"") -> 0 | J48: =COUNTIF(H21,"") -> 1 | S48: ='3'!S48 -> Sum of 6 skinfolds | U48: =SUM(U17:U18,U21:U24) -> 110 | V48: ='3'!V48 -> mm
B49: =B22 -> Abdominal sf | D49: =IF(G22=H22,1,0) -> 0 | E49: =IF(G22=I22,1,0) -> 0 | F49: =IF(H22=I22,1,0) -> 1 | G49: =IF(I22="",0,1) -> 0 | H49: =IF(L22="Yes",1,0) -> 1 | I49: =COUNTIF(G22,"") -> 0 | J49: =COUNTIF(H22,"") -> 1 | S49: ='3'!S49 -> Sum of 8 skinfolds | U49: =SUM(U17:U24) -> 150 | V49: ='3'!V49 -> mm
B50: =B23 -> Thigh sf | D50: =IF(G23=H23,1,0) -> 0 | E50: =IF(G23=I23,1,0) -> 0 | F50: =IF(H23=I23,1,0) -> 1 | G50: =IF(I23="",0,1) -> 0 | H50: =IF(L23="Yes",1,0) -> 1 | I50: =COUNTIF(G23,"") -> 0 | J50: =COUNTIF(H23,"") -> 1
B51: =B24 -> Calf sf | D51: =IF(G24=H24,1,0) -> 0 | E51: =IF(G24=I24,1,0) -> 0 | F51: =IF(H24=I24,1,0) -> 1 | G51: =IF(I24="",0,1) -> 0 | H51: =IF(L24="Yes",1,0) -> 1 | I51: =COUNTIF(G24,"") -> 0 | J51: =COUNTIF(H24,"") -> 1 | S51: ='3'!S51 -> Fat percentage | U51: =IF(U8=1,0.735*(U17+U24)+1,0.61*(U17+U24)+5.1) -> 14.965 | V51: ='3'!V51 -> (Slaughter)
B52: =B25 -> Arm girth relaxed | D52: =IF(G25=H25,1,0) -> 0 | E52: =IF(G25=I25,1,0) -> 0 | F52: =IF(H25=I25,1,0) -> 1 | G52: =IF(I25="",0,1) -> 0 | H52: =IF(L25="Yes",1,0) -> 1 | I52: =COUNTIF(G25,"") -> 0 | J52: =COUNTIF(H25,"") -> 1 | U52: =IF(U8=1,0.153*(U17+U18+U21+U22)+5.783,0.213*(U17+U18+U21+U22)+7.9) -> 18.176 | V52: ='3'!V52 -> (Faulkner, from Yuhasz)
U53: =IF(U8=1,0.1051*(U48)+2.58,0.1548*(U48)+3.58) -> 14.141 | V53: ='3'!V53 -> (Carter, from Yuhasz)
B54: =B27 -> Arm girth flexed and tensed | D54: =IF(G27=H27,1,0) -> 0 | E54: =IF(G27=I27,1,0) -> 0 | F54: =IF(H27=I27,1,0) -> 1 | G54: =IF(I27="",0,1) -> 0 | H54: =IF(L27="Yes",1,0) -> 1 | I54: =COUNTIF(G27,"") -> 0 | J54: =COUNTIF(H27,"") -> 1 | S54: ='3'!S54 -> Muscle percentage | U54: =(U14/100*(0.00744*U26^2+0.00088*U31^2+0.00441*U33^2)+(2.4*(IF(U8=1,1,0)))-0.048*((U10-U11)/365.25)+IF(U7="1",-2,IF(U7="2",1.1,0))+7.8)*100/U13 -> 37.640212 | V54: ='3'!V54 -> (Lee)
B55: =B28 -> Waist girth | D55: =IF(G28=H28,1,0) -> 0 | E55: =IF(G28=I28,1,0) -> 0 | F55: =IF(H28=I28,1,0) -> 1 | G55: =IF(I28="",0,1) -> 0 | H55: =IF(L28="Yes",1,0) -> 1 | I55: =COUNTIF(G28,"") -> 0 | J55: =COUNTIF(H28,"") -> 1 | U55: =(U14/100*((0.0064*(U26^2))+(0.0032*(U31^2))+(0.0015*(U33^2)))+(2.56*IF(U8=1,1,0))+(0.136*(U10-U11)/365.25))*100/U13 -> 55.649038 | V55: ='3'!V55 -> (Poortmans)
B56: =B29 -> Hips girth | D56: =IF(G29=H29,1,0) -> 0 | E56: =IF(G29=I29,1,0) -> 0 | F56: =IF(H29=I29,1,0) -> 1 | G56: =IF(I29="",0,1) -> 0 | H56: =IF(L29="Yes",1,0) -> 1 | I56: =COUNTIF(G29,"") -> 0 | J56: =COUNTIF(H29,"") -> 1 | S56: ='3'!S56 -> Bone percentage | U56: =(3.02*(((U14/100)^2)*(U35/100)*(U36/100)*400)^0.712)*100/U13 -> 14.19476 | V56: ='3'!V56 -> (Rocha)
B57: =B30 -> Thigh middle girth | D57: =IF(G30=H30,1,0) -> 0 | E57: =IF(G30=I30,1,0) -> 0 | F57: =IF(H30=I30,1,0) -> 1 | G57: =IF(I30="",0,1) -> 0 | H57: =IF(L30="Yes",1,0) -> 1 | I57: =COUNTIF(G30,"") -> 0 | J57: =COUNTIF(H30,"") -> 1
B59: =B32 -> Calf girth | D59: =IF(G32=H32,1,0) -> 0 | E59: =IF(G32=I32,1,0) -> 0 | F59: =IF(H32=I32,1,0) -> 1 | G59: =IF(I32="",0,1) -> 0 | H59: =IF(L32="Yes",1,0) -> 1 | I59: =COUNTIF(G32,"") -> 0 | J59: =COUNTIF(H32,"") -> 1
B61: =B34 -> Humerus breadth | D61: =IF(G34=H34,1,0) -> 0 | E61: =IF(G34=I34,1,0) -> 0 | F61: =IF(H34=I34,1,0) -> 1 | G61: =IF(I34="",0,1) -> 0 | H61: =IF(L34="Yes",1,0) -> 1 | I61: =COUNTIF(G34,"") -> 0 | J61: =COUNTIF(H34,"") -> 1
B62: =B35 -> Bi-styloid breadth | D62: =IF(G35=H35,1,0) -> 0 | E62: =IF(G35=I35,1,0) -> 0 | F62: =IF(H35=I35,1,0) -> 1 | G62: =IF(I35="",0,1) -> 0 | H62: =IF(L35="Yes",1,0) -> 1 | I62: =COUNTIF(G35,"") -> 0 | J62: =COUNTIF(H35,"") -> 1
B63: =B36 -> Femur breadth | D63: =IF(G36=H36,1,0) -> 0 | E63: =IF(G36=I36,1,0) -> 0 | F63: =IF(H36=I36,1,0) -> 1 | G63: =IF(I36="",0,1) -> 0 | H63: =IF(L36="Yes",1,0) -> 1 | I63: =COUNTIF(G36,"") -> 0 | J63: =COUNTIF(H36,"") -> 1
D64: =SUM(D40:D63) -> 2 | E64: =SUM(E40:E63) -> 2 | F64: =SUM(F40:F63) -> 21 | G64: =SUM(G40:G63) -> 0 | H64: =SUM(H40:H63) -> #DIV/0! | I64: =SUM(I40:I63) -> 2 | J64: =SUM(J40:J63) -> 21
B67: =B13 -> Mass | G67: =+G13 -> 97.5 | H67: =+H13 -> 0 | I67: =+I13 -> 0 | J67: =ABS(G67-H67) -> 97.5 | K67: =ABS(I67-G67) -> 97.5 | L67: =ABS(H67-I67) -> 0 | M67: =IF(J67=MIN(J67:L67),G67,IF(K67=MIN(J67:L67),G67,H67)) -> 0 | N67: =IF(J67=MIN(J67:L67),H67,IF(K67=MIN(J67:L67),I67,I67)) -> 0
B68: =B14 -> Stature | G68: =+G14 -> 184 | H68: =+H14 -> 0 | I68: =+I14 -> 0 | J68: =ABS(G68-H68) -> 184 | K68: =ABS(I68-G68) -> 184 | L68: =ABS(H68-I68) -> 0 | M68: =IF(J68=MIN(J68:L68),G68,IF(K68=MIN(J68:L68),G68,H68)) -> 0 | N68: =IF(J68=MIN(J68:L68),H68,IF(K68=MIN(J68:L68),I68,I68)) -> 0
B69: =B15 -> Sitting height | G69: =+G15 -> 0 | H69: =+H15 -> 0 | I69: =+I15 -> 0 | J69: =ABS(G69-H69) -> 0 | K69: =ABS(I69-G69) -> 0 | L69: =ABS(H69-I69) -> 0 | M69: =IF(J69=MIN(J69:L69),G69,IF(K69=MIN(J69:L69),G69,H69)) -> 0 | N69: =IF(J69=MIN(J69:L69),H69,IF(K69=MIN(J69:L69),I69,I69)) -> 0
B70: =B16 -> Arm Span | G70: =+G16 -> 0 | H70: =+H16 -> 0 | I70: =+I16 -> 0 | J70: =ABS(G70-H70) -> 0 | K70: =ABS(I70-G70) -> 0 | L70: =ABS(H70-I70) -> 0 | M70: =IF(J70=MIN(J70:L70),G70,IF(K70=MIN(J70:L70),G70,H70)) -> 0 | N70: =IF(J70=MIN(J70:L70),H70,IF(K70=MIN(J70:L70),I70,I70)) -> 0
B71: =B17 -> Triceps sf | G71: =+G17 -> 12 | H71: =+H17 -> 0 | I71: =+I17 -> 0 | J71: =ABS(G71-H71) -> 12 | K71: =ABS(I71-G71) -> 12 | L71: =ABS(H71-I71) -> 0 | M71: =IF(J71=MIN(J71:L71),G71,IF(K71=MIN(J71:L71),G71,H71)) -> 0 | N71: =IF(J71=MIN(J71:L71),H71,IF(K71=MIN(J71:L71),I71,I71)) -> 0
B72: =B18 -> Subscapular sf | G72: =+G18 -> 18 | H72: =+H18 -> 0 | I72: =+I18 -> 0 | J72: =ABS(G72-H72) -> 18 | K72: =ABS(I72-G72) -> 18 | L72: =ABS(H72-I72) -> 0 | M72: =IF(J72=MIN(J72:L72),G72,IF(K72=MIN(J72:L72),G72,H72)) -> 0 | N72: =IF(J72=MIN(J72:L72),H72,IF(K72=MIN(J72:L72),I72,I72)) -> 0
B73: =B19 -> Biceps sf | G73: =+G19 -> 5 | H73: =+H19 -> 0 | I73: =+I19 -> 0 | J73: =ABS(G73-H73) -> 5 | K73: =ABS(I73-G73) -> 5 | L73: =ABS(H73-I73) -> 0 | M73: =IF(J73=MIN(J73:L73),G73,IF(K73=MIN(J73:L73),G73,H73)) -> 0 | N73: =IF(J73=MIN(J73:L73),H73,IF(K73=MIN(J73:L73),I73,I73)) -> 0
B74: =B20 -> Iliac crest sf | G74: =+G20 -> 35 | H74: =+H20 -> 0 | I74: =+I20 -> 0 | J74: =ABS(G74-H74) -> 35 | K74: =ABS(I74-G74) -> 35 | L74: =ABS(H74-I74) -> 0 | M74: =IF(J74=MIN(J74:L74),G74,IF(K74=MIN(J74:L74),G74,H74)) -> 0 | N74: =IF(J74=MIN(J74:L74),H74,IF(K74=MIN(J74:L74),I74,I74)) -> 0
B75: =B21 -> Supraspinale sf | G75: =+G21 -> 17 | H75: =+H21 -> 0 | I75: =+I21 -> 0 | J75: =ABS(G75-H75) -> 17 | K75: =ABS(I75-G75) -> 17 | L75: =ABS(H75-I75) -> 0 | M75: =IF(J75=MIN(J75:L75),G75,IF(K75=MIN(J75:L75),G75,H75)) -> 0 | N75: =IF(J75=MIN(J75:L75),H75,IF(K75=MIN(J75:L75),I75,I75)) -> 0
B76: =B22 -> Abdominal sf | G76: =+G22 -> 34 | H76: =+H22 -> 0 | I76: =+I22 -> 0 | J76: =ABS(G76-H76) -> 34 | K76: =ABS(I76-G76) -> 34 | L76: =ABS(H76-I76) -> 0 | M76: =IF(J76=MIN(J76:L76),G76,IF(K76=MIN(J76:L76),G76,H76)) -> 0 | N76: =IF(J76=MIN(J76:L76),H76,IF(K76=MIN(J76:L76),I76,I76)) -> 0
B77: =B23 -> Thigh sf | G77: =+G23 -> 22 | H77: =+H23 -> 0 | I77: =+I23 -> 0 | J77: =ABS(G77-H77) -> 22 | K77: =ABS(I77-G77) -> 22 | L77: =ABS(H77-I77) -> 0 | M77: =IF(J77=MIN(J77:L77),G77,IF(K77=MIN(J77:L77),G77,H77)) -> 0 | N77: =IF(J77=MIN(J77:L77),H77,IF(K77=MIN(J77:L77),I77,I77)) -> 0
B78: =B24 -> Calf sf | G78: =+G24 -> 7 | H78: =+H24 -> 0 | I78: =+I24 -> 0 | J78: =ABS(G78-H78) -> 7 | K78: =ABS(I78-G78) -> 7 | L78: =ABS(H78-I78) -> 0 | M78: =IF(J78=MIN(J78:L78),G78,IF(K78=MIN(J78:L78),G78,H78)) -> 0 | N78: =IF(J78=MIN(J78:L78),H78,IF(K78=MIN(J78:L78),I78,I78)) -> 0
B79: =B25 -> Arm girth relaxed | G79: =+G25 -> 37.5 | H79: =+H25 -> 0 | I79: =+I25 -> 0 | J79: =ABS(G79-H79) -> 37.5 | K79: =ABS(I79-G79) -> 37.5 | L79: =ABS(H79-I79) -> 0 | M79: =IF(J79=MIN(J79:L79),G79,IF(K79=MIN(J79:L79),G79,H79)) -> 0 | N79: =IF(J79=MIN(J79:L79),H79,IF(K79=MIN(J79:L79),I79,I79)) -> 0
B80: =B27 -> Arm girth flexed and tensed | G80: =+G27 -> 40.2 | H80: =+H27 -> 0 | I80: =+I27 -> 0 | J80: =ABS(G80-H80) -> 40.2 | K80: =ABS(I80-G80) -> 40.2 | L80: =ABS(H80-I80) -> 0 | M80: =IF(J80=MIN(J80:L80),G80,IF(K80=MIN(J80:L80),G80,H80)) -> 0 | N80: =IF(J80=MIN(J80:L80),H80,IF(K80=MIN(J80:L80),I80,I80)) -> 0
B81: =B28 -> Waist girth | G81: =+G28 -> 96 | H81: =+H28 -> 0 | I81: =+I28 -> 0 | J81: =ABS(G81-H81) -> 96 | K81: =ABS(I81-G81) -> 96 | L81: =ABS(H81-I81) -> 0 | M81: =IF(J81=MIN(J81:L81),G81,IF(K81=MIN(J81:L81),G81,H81)) -> 0 | N81: =IF(J81=MIN(J81:L81),H81,IF(K81=MIN(J81:L81),I81,I81)) -> 0
B82: =B29 -> Hips girth | G82: =+G29 -> 110 | H82: =+H29 -> 0 | I82: =+I29 -> 0 | J82: =ABS(G82-H82) -> 110 | K82: =ABS(I82-G82) -> 110 | L82: =ABS(H82-I82) -> 0 | M82: =IF(J82=MIN(J82:L82),G82,IF(K82=MIN(J82:L82),G82,H82)) -> 0 | N82: =IF(J82=MIN(J82:L82),H82,IF(K82=MIN(J82:L82),I82,I82)) -> 0
B83: =B30 -> Thigh middle girth | G83: =+G30 -> 60.5 | H83: =+H30 -> 0 | I83: =+I30 -> 0 | J83: =ABS(G83-H83) -> 60.5 | K83: =ABS(I83-G83) -> 60.5 | L83: =ABS(H83-I83) -> 0 | M83: =IF(J83=MIN(J83:L83),G83,IF(K83=MIN(J83:L83),G83,H83)) -> 0 | N83: =IF(J83=MIN(J83:L83),H83,IF(K83=MIN(J83:L83),I83,I83)) -> 0
B84: =B32 -> Calf girth | G84: =+G32 -> 41.2 | H84: =+H32 -> 0 | I84: =+I32 -> 0 | J84: =ABS(G84-H84) -> 41.2 | K84: =ABS(I84-G84) -> 41.2 | L84: =ABS(H84-I84) -> 0 | M84: =IF(J84=MIN(J84:L84),G84,IF(K84=MIN(J84:L84),G84,H84)) -> 0 | N84: =IF(J84=MIN(J84:L84),H84,IF(K84=MIN(J84:L84),I84,I84)) -> 0
B85: =B34 -> Humerus breadth | G85: =+G34 -> 7.2 | H85: =+H34 -> 0 | I85: =+I34 -> 0 | J85: =ABS(G85-H85) -> 7.2 | K85: =ABS(I85-G85) -> 7.2 | L85: =ABS(H85-I85) -> 0 | M85: =IF(J85=MIN(J85:L85),G85,IF(K85=MIN(J85:L85),G85,H85)) -> 0 | N85: =IF(J85=MIN(J85:L85),H85,IF(K85=MIN(J85:L85),I85,I85)) -> 0
B86: =B35 -> Bi-styloid breadth | G86: =+G35 -> 5.8 | H86: =+H35 -> 0 | I86: =+I35 -> 0 | J86: =ABS(G86-H86) -> 5.8 | K86: =ABS(I86-G86) -> 5.8 | L86: =ABS(H86-I86) -> 0 | M86: =IF(J86=MIN(J86:L86),G86,IF(K86=MIN(J86:L86),G86,H86)) -> 0 | N86: =IF(J86=MIN(J86:L86),H86,IF(K86=MIN(J86:L86),I86,I86)) -> 0
B87: =B36 -> Femur breadth | G87: =+G36 -> 10.8 | H87: =+H36 -> 0 | I87: =+I36 -> 0 | J87: =ABS(G87-H87) -> 10.8 | K87: =ABS(I87-G87) -> 10.8 | L87: =ABS(H87-I87) -> 0 | M87: =IF(J87=MIN(J87:L87),G87,IF(K87=MIN(J87:L87),G87,H87)) -> 0 | N87: =IF(J87=MIN(J87:L87),H87,IF(K87=MIN(J87:L87),I87,I87)) -> 0

Sheet 3
B2: =IF(Info!D34,"ISAK RESTRICTED PROFORMA","PROFORMA PERFIL RESTRINGIDO ISAK") -> ISAK RESTRICTED PROFORMA | R2: =IF(Info!D34,"ISAK PROFORMA PRINTOUT","INFORME PROFORMA ISAK") -> ISAK PROFORMA PRINTOUT
B4: =IF(Info!D34,"Name","Nombre") -> Name | I4: ´+ | R4: =+B4 -> Name | U4: =+G4 -> 0
B5: =IF(Info!D34,"Surname","Apellidos") -> Surname | R5: =+B5 -> Surname | U5: =+G5 -> 0
B6: =IF(Info!D34,"Country","País") -> Country | R6: =+B6 -> Country | U6: =+G6 -> 0
B7: =IF(Info!D34,"Ethnicity (Asian=1; African-American=2; Caucasian=3)","Raza (asiático=1; afro-americano=2; caucásico=3)") -> Ethnicity (Asian=1; African-American=2; Caucasian=3) | R7: =+B7 -> Ethnicity (Asian=1; African-American=2; Caucasian=3) | U7: =+G7 -> 0
B8: =IF(Info!D34,"Sex (male=1, female=2)","Sexo (hombre=1, mujer=2)") -> Sex (male=1, female=2) | R8: =+B8 -> Sex (male=1, female=2) | U8: =+G8 -> 0
B9: =IF(Info!D34,"Sport","Deporte") -> Sport | R9: =+B9 -> Sport | U9: =+G9 -> 0
B10: =IF(Info!D34,"Date of Measurement","Fecha de la valoración") -> Date of Measurement | G10: 46189 | R10: =+B10 -> Date of Measurement | U10: =+G10 -> 46189
B11: =IF(Info!D34,"Date of Birth","Fecha de nacimiento") -> Date of Birth | K11: =IF(Info!D34,"3rd measure?","¿3ª medida?") -> 3rd measure? | N11: =IF(Info!D34,"Mean or Median","Media o Mediana") -> Mean or Median | R11: =+B11 -> Date of Birth | U11: =+G11 -> 0
B12: =IF(Info!D34,"Measure","Medida") -> Measure | G12: 1 | H12: 2 | I12: 3 | U12: =IF(Info!D34,"Value", "Valor") -> Value | W12: =IF(Info!D34,"Phantom Z-value","Valor Z del Phantom") -> Phantom Z-value
B13: =IF(Info!D34,"Mass","Masa corporal") -> Mass | G13: 99.4 | K13: =+(H13-G13)/(AVERAGE(G13:H13)) -> -1 | L13: =IF(ABS(K13)>1%,"Yes","No") -> Yes | N13: =IF(I13=0,AVERAGE(G13,H13),MEDIAN(G13,H13,I13)) -> 99.4 | R13: =+B13 -> Mass | U13: =+N13 -> 99.4 | V13: kg | W13: =1/8.6*(+U13*((170.18/U$14)^3)-64.58) -> #DIV/0!
B14: =IF(Info!D34,"Stature","Talla") -> Stature | K14: =+(H14-G14)/(AVERAGE(G14:H14)) -> #DIV/0! | L14: =IF(ABS(K14)>1%,"Yes","No") -> #DIV/0! | N14: =IF(I14=0,AVERAGE(G14,H14),MEDIAN(G14,H14,I14)) -> #DIV/0! | R14: =+B14 -> Stature | U14: =+N14 -> #DIV/0! | V14: cm
B15: =IF(Info!D34,"Sitting height","Talla sentado") -> Sitting height | K15: =+(H15-G15)/(AVERAGE(G15:H15)) -> #DIV/0! | L15: =IF(ABS(K15)>1%,"Yes","No") -> #DIV/0! | N15: =IF(I15=0,AVERAGE(G15,H15),MEDIAN(G15,H15,I15)) -> #DIV/0! | R15: =+B15 -> Sitting height | U15: =+N15 -> #DIV/0! | V15: cm | W15: =1/4.5*(+U15*((170.18/U$14)^1)-89.92) -> #DIV/0!
B16: =IF(Info!D34,"Arm Span","Envergadura de brazos") -> Arm Span | K16: =+(H16-G16)/(AVERAGE(G16:H16)) -> #DIV/0! | L16: =IF(ABS(K16)>1%,"Yes","No") -> #DIV/0! | N16: =IF(I16=0,AVERAGE(G16,H16),MEDIAN(G16,H16,I16)) -> #DIV/0! | R16: =+B16 -> Arm Span | U16: =+N16 -> #DIV/0! | V16: cm | W16: =1/7.41*(+U16*((170.18/U$14)^1)-172.35) -> #DIV/0!
B17: =IF(Info!D34,"Triceps sf","PL Tríceps") -> Triceps sf | G17: 12 | K17: =+(H17-G17)/(AVERAGE(G17:H17)) -> -1 | L17: =IF(ABS(K17)>5%,"Yes","No") -> Yes | N17: =IF(I17=0,AVERAGE(G17,H17),MEDIAN(G17,H17,I17)) -> 12 | R17: =+B17 -> Triceps sf | U17: =+N17 -> 12 | V17: mm | W17: =1/4.47*(+U17*((170.18/U$14)^1)-15.4) -> #DIV/0!
B18: =IF(Info!D34,"Subscapular sf","PL Subescapular") -> Subscapular sf | G18: 18 | K18: =+(H18-G18)/(AVERAGE(G18:H18)) -> -1 | L18: =IF(ABS(K18)>5%,"Yes","No") -> Yes | N18: =IF(I18=0,AVERAGE(G18,H18),MEDIAN(G18,H18,I18)) -> 18 | R18: =+B18 -> Subscapular sf | U18: =+N18 -> 18 | V18: mm | W18: =1/5.07*(+U18*((170.18/U$14)^1)-17.2) -> #DIV/0!
B19: =IF(Info!D34,"Biceps sf","PL Bíceps") -> Biceps sf | G19: 5 | K19: =+(H19-G19)/(AVERAGE(G19:H19)) -> -1 | L19: =IF(ABS(K19)>5%,"Yes","No") -> Yes | N19: =IF(I19=0,AVERAGE(G19,H19),MEDIAN(G19,H19,I19)) -> 5 | R19: =+B19 -> Biceps sf | U19: =+N19 -> 5 | V19: mm | W19: =1/2*(+U19*((170.18/U$14)^1)-8) -> #DIV/0!
B20: =IF(Info!D34,"Iliac crest sf","PL Cresta Iliaca") -> Iliac crest sf | G20: 35 | K20: =+(H20-G20)/(AVERAGE(G20:H20)) -> -1 | L20: =IF(ABS(K20)>5%,"Yes","No") -> Yes | N20: =IF(I20=0,AVERAGE(G20,H20),MEDIAN(G20,H20,I20)) -> 35 | R20: =+B20 -> Iliac crest sf | U20: =+N20 -> 35 | V20: mm | W20: =1/6.8*(+U20*((170.18/U$14)^1)-22.4) -> #DIV/0!
B21: =IF(Info!D34,"Supraspinale sf","PL Supraespinal") -> Supraspinale sf | G21: 16 | K21: =+(H21-G21)/(AVERAGE(G21:H21)) -> -1 | L21: =IF(ABS(K21)>5%,"Yes","No") -> Yes | N21: =IF(I21=0,AVERAGE(G21,H21),MEDIAN(G21,H21,I21)) -> 16 | R21: =+B21 -> Supraspinale sf | U21: =+N21 -> 16 | V21: mm | W21: =1/4.47*(+U21*((170.18/U$14)^1)-15.4) -> #DIV/0!
B22: =IF(Info!D34,"Abdominal sf","PL Abdominal") -> Abdominal sf | G22: 32 | K22: =+(H22-G22)/(AVERAGE(G22:H22)) -> -1 | L22: =IF(ABS(K22)>5%,"Yes","No") -> Yes | N22: =IF(I22=0,AVERAGE(G22,H22),MEDIAN(G22,H22,I22)) -> 32 | R22: =+B22 -> Abdominal sf | U22: =+N22 -> 32 | V22: mm | W22: =1/7.78*(+U22*((170.18/U$14)^1)-25.4) -> #DIV/0!
B23: =IF(Info!D34,"Thigh sf","PL Muslo") -> Thigh sf | G23: 22 | K23: =+(H23-G23)/(AVERAGE(G23:H23)) -> -1 | L23: =IF(ABS(K23)>5%,"Yes","No") -> Yes | N23: =IF(I23=0,AVERAGE(G23,H23),MEDIAN(G23,H23,I23)) -> 22 | R23: =+B23 -> Thigh sf | U23: =+N23 -> 22 | V23: mm | W23: =1/8.33*(+U23*((170.18/U$14)^1)-27) -> #DIV/0!
B24: =IF(Info!D34,"Calf sf","PL Pierna") -> Calf sf | G24: 7 | K24: =+(H24-G24)/(AVERAGE(G24:H24)) -> -1 | L24: =IF(ABS(K24)>5%,"Yes","No") -> Yes | N24: =IF(I24=0,AVERAGE(G24,H24),MEDIAN(G24,H24,I24)) -> 7 | R24: =+B24 -> Calf sf | U24: =+N24 -> 7 | V24: mm | W24: =1/4.67*(+U24*((170.18/U$14)^1)-16) -> #DIV/0!
B25: =IF(Info!D34,"Arm girth relaxed","PR Brazo relajado") -> Arm girth relaxed | G25: 37.4 | K25: =+(H25-G25)/(AVERAGE(G25:H25)) -> -1 | L25: =IF(ABS(K25)>1%,"Yes","No") -> Yes | N25: =IF(I25=0,AVERAGE(G25,H25),MEDIAN(G25,H25,I25)) -> 37.4 | R25: =+B25 -> Arm girth relaxed | U25: =+N25 -> 37.4 | V25: cm | W25: =1/2.33*(+U25*((170.18/U$14)^1)-26.89) -> #DIV/0!
B26: =IF(Info!D34,"Corrected arm girth","PR Brazo corregido") -> Corrected arm girth | R26: =+B26 -> Corrected arm girth | U26: =+U25-(PI()*U17/10) -> 33.630089 | V26: cm | W26: =1/1.91*(+U26*((170.18/U$14)^1)-22.05) -> #DIV/0!
B27: =IF(Info!D34,"Arm girth flexed and tensed","PR Brazo flexionado y contraído") -> Arm girth flexed and tensed | G27: 40 | K27: =+(H27-G27)/(AVERAGE(G27:H27)) -> -1 | L27: =IF(ABS(K27)>1%,"Yes","No") -> Yes | N27: =IF(I27=0,AVERAGE(G27,H27),MEDIAN(G27,H27,I27)) -> 40 | R27: =+B27 -> Arm girth flexed and tensed | U27: =+N27 -> 40 | V27: cm | W27: =1/2.37*(+U27*((170.18/U$14)^1)-29.41) -> #DIV/0!
B28: =IF(Info!D34,"Waist girth","PR Cintura") -> Waist girth | G28: 95 | K28: =+(H28-G28)/(AVERAGE(G28:H28)) -> -1 | L28: =IF(ABS(K28)>1%,"Yes","No") -> Yes | N28: =IF(I28=0,AVERAGE(G28,H28),MEDIAN(G28,H28,I28)) -> 95 | R28: =+B28 -> Waist girth | U28: =+N28 -> 95 | V28: cm | W28: =1/4.45*(+U28*((170.18/U$14)^1)-71.91) -> #DIV/0!
B29: =IF(Info!D34,"Hips girth","PR Caderas") -> Hips girth | G29: 109 | K29: =+(H29-G29)/(AVERAGE(G29:H29)) -> -1 | L29: =IF(ABS(K29)>1%,"Yes","No") -> Yes | N29: =IF(I29=0,AVERAGE(G29,H29),MEDIAN(G29,H29,I29)) -> 109 | R29: =+B29 -> Hips girth | U29: =+N29 -> 109 | V29: cm | W29: =1/5.58*(+U29*((170.18/U$14)^1)-94.67) -> #DIV/0!
B30: =IF(Info!D34,"Thigh middle girth","PR Muslo medio") -> Thigh middle girth | G30: 61 | K30: =+(H30-G30)/(AVERAGE(G30:H30)) -> -1 | L30: =IF(ABS(K30)>1%,"Yes","No") -> Yes | N30: =IF(I30=0,AVERAGE(G30,H30),MEDIAN(G30,H30,I30)) -> 61 | R30: =+B30 -> Thigh middle girth | U30: =+N30 -> 61 | V30: cm | W30: =1/4.56*(+U30*((170.18/U$14)^1)-53.2) -> #DIV/0!
B31: =IF(Info!D34,"Corrected thigh girth","PR Muslo corregido") -> Corrected thigh girth | R31: =+B31 -> Corrected thigh girth | U31: =+U30-(PI()*U23/10) -> 54.088496 | V31: cm | W31: =1/3.59*(+U31*((170.18/U$14)^1)-47.34) -> #DIV/0!
B32: =IF(Info!D34,"Calf girth","PR Pierna") -> Calf girth | G32: 41 | K32: =+(H32-G32)/(AVERAGE(G32:H32)) -> -1 | L32: =IF(ABS(K32)>1%,"Yes","No") -> Yes | N32: =IF(I32=0,AVERAGE(G32,H32),MEDIAN(G32,H32,I32)) -> 41 | R32: =+B32 -> Calf girth | U32: =+N32 -> 41 | V32: cm | W32: =1/2.3*(+U32*((170.18/U$14)^1)-35.25) -> #DIV/0!
B33: =IF(Info!D34,"Corrected calf girth","PR Pierna corregido") -> Corrected calf girth | R33: =+B33 -> Corrected calf girth | U33: =+U32-(PI()*U24/10) -> 38.800885 | V33: cm | W33: =1/1.97*(+U33*((170.18/U$14)^1)-30.22) -> #DIV/0!
B34: =IF(Info!D34,"Humerus breadth","D Húmero") -> Humerus breadth | K34: =+(H34-G34)/(AVERAGE(G34:H34)) -> #DIV/0! | L34: =IF(ABS(K34)>1%,"Yes","No") -> #DIV/0! | N34: =IF(I34=0,AVERAGE(G34,H34),MEDIAN(G34,H34,I34)) -> #DIV/0! | R34: =+B34 -> Humerus breadth | U34: =+N34 -> #DIV/0! | V34: cm | W34: =1/0.35*(+U34*((170.18/U$14)^1)-6.48) -> #DIV/0!
B35: =IF(Info!D34,"Bi-styloid breadth","D Biestiloideo") -> Bi-styloid breadth | K35: =+(H35-G35)/(AVERAGE(G35:H35)) -> #DIV/0! | L35: =IF(ABS(K35)>1%,"Yes","No") -> #DIV/0! | N35: =IF(I35=0,AVERAGE(G35,H35),MEDIAN(G35,H35,I35)) -> #DIV/0! | R35: =+B35 -> Bi-styloid breadth | U35: =+N35 -> #DIV/0! | V35: cm | W35: =1/0.28*(+U35*((170.18/U$14)^1)-5.21) -> #DIV/0!
B36: =IF(Info!D34,"Femur breadth","D Fémur") -> Femur breadth | K36: =+(H36-G36)/(AVERAGE(G36:H36)) -> #DIV/0! | L36: =IF(ABS(K36)>1%,"Yes","No") -> #DIV/0! | N36: =IF(I36=0,AVERAGE(G36,H36),MEDIAN(G36,H36,I36)) -> #DIV/0! | R36: =+B36 -> Femur breadth | U36: =+N36 -> #DIV/0! | V36: cm | W36: =1/0.48*(+U36*((170.18/U$14)^1)-9.52) -> #DIV/0!
D39: 1ª Vs 2ª | E39: 1ªVs 3ª | F39: 2ª Vs 3ª | G39: =IF(Info!D34,"3rd measure taken?","¿3ª medida tomada?") -> 3rd measure taken? | H39: =IF(Info!D34,"3rd measure requested?","¿3ª medida solicitada?") -> 3rd measure requested? | I39: =IF(Info!D34,"He/she has not done 1st measure","No se ha realizado la 1ª medición") -> He/she has not done 1st measure | J39: =IF(Info!E34,"He/she has not done 2nd measure","No se ha realizado la 2ª medición") -> No se ha realizado la 2ª medición
B40: =B13 -> Mass | D40: =IF(G13=H13,1,0) -> 0 | E40: =IF(G13=I13,1,0) -> 0 | F40: =IF(H13=I13,1,0) -> 1 | G40: =IF(I13="",0,1) -> 0 | H40: =IF(L13="Yes",1,0) -> 1 | I40: =COUNTIF(G13,"") -> 0 | J40: =COUNTIF(H13,"") -> 1 | S40: =IF(Info!D34,"Somatotype","Somatotipo") -> Somatotype | T40: =IF(Info!D34,"Endomorphy","Endomorfia") -> Endomorphy | U40: =-0.7182+0.1451*((U17+U18+U21)*(170.18/U14))-0.00068*(((U17+U18+U21)*(170.18/U14))^2)+0.0000014*(((U17+U18+U21)*(170.18/U14))^3) -> #DIV/0!
B41: =B14 -> Stature | D41: =IF(G14=H14,1,0) -> 1 | E41: =IF(G14=I14,1,0) -> 1 | F41: =IF(H14=I14,1,0) -> 1 | G41: =IF(I14="",0,1) -> 0 | H41: =IF(L14="Yes",1,0) -> #DIV/0! | I41: =COUNTIF(G14,"") -> 1 | J41: =COUNTIF(H14,"") -> 1 | S41: (Heath-Carter) | T41: =IF(Info!D34,"Mesomorphy","Mesomorfia") -> Mesomorphy | U41: =(0.858*U34)+(0.601*U36)+(0.188*(U27-(U17/10)))+(0.161*(U32-(U24/10)))-(0.131*U14)+4.5 -> #DIV/0!
B42: =B15 -> Sitting height | D42: =IF(G15=H15,1,0) -> 1 | E42: =IF(G15=I15,1,0) -> 1 | F42: =IF(H15=I15,1,0) -> 1 | G42: =IF(I15="",0,1) -> 0 | H42: =IF(L15="Yes",1,0) -> #DIV/0! | I42: =COUNTIF(G15,"") -> 1 | J42: =COUNTIF(H15,"") -> 1 | T42: =IF(Info!D34,"Ectomorphy","Ectomorfia") -> Ectomorphy | U42: =IF(V42>40.75,((0.732*V42)-28.58),IF(V42>38.28,((0.463*V42)-17.63),0.1)) -> #DIV/0! | V42: =U14/(U13^(1/3)) -> #DIV/0!
B43: =B16 -> Arm Span | D43: =IF(G16=H16,1,0) -> 1 | E43: =IF(G16=I16,1,0) -> 1 | F43: =IF(H16=I16,1,0) -> 1 | G43: =IF(I16="",0,1) -> 0 | H43: =IF(L16="Yes",1,0) -> #DIV/0! | I43: =COUNTIF(G16,"") -> 1 | J43: =COUNTIF(H16,"") -> 1
B44: =B17 -> Triceps sf | D44: =IF(G17=H17,1,0) -> 0 | E44: =IF(G17=I17,1,0) -> 0 | F44: =IF(H17=I17,1,0) -> 1 | G44: =IF(I17="",0,1) -> 0 | H44: =IF(L17="Yes",1,0) -> 1 | I44: =COUNTIF(G17,"") -> 0 | J44: =COUNTIF(H17,"") -> 1 | S44: =IF(Info!D34,"Body Mass Index (MBI)","Índice de Masa Corporal (IMC)" ) -> Body Mass Index (MBI) | U44: =+U13/(U14/100)^2 -> #DIV/0! | V44: kg/m2
B45: =B18 -> Subscapular sf | D45: =IF(G18=H18,1,0) -> 0 | E45: =IF(G18=I18,1,0) -> 0 | F45: =IF(H18=I18,1,0) -> 1 | G45: =IF(I18="",0,1) -> 0 | H45: =IF(L18="Yes",1,0) -> 1 | I45: =COUNTIF(G18,"") -> 0 | J45: =COUNTIF(H18,"") -> 1
B46: =B19 -> Biceps sf | D46: =IF(G19=H19,1,0) -> 0 | E46: =IF(G19=I19,1,0) -> 0 | F46: =IF(H19=I19,1,0) -> 1 | G46: =IF(I19="",0,1) -> 0 | H46: =IF(L19="Yes",1,0) -> 1 | I46: =COUNTIF(G19,"") -> 0 | J46: =COUNTIF(H19,"") -> 1 | S46: =IF(Info!D34,"Waist/Hip ratio", "Ratio Cintura / Cadera") -> Waist/Hip ratio | U46: =+U28/U29 -> 0.87155963
B47: =B20 -> Iliac crest sf | D47: =IF(G20=H20,1,0) -> 0 | E47: =IF(G20=I20,1,0) -> 0 | F47: =IF(H20=I20,1,0) -> 1 | G47: =IF(I20="",0,1) -> 0 | H47: =IF(L20="Yes",1,0) -> 1 | I47: =COUNTIF(G20,"") -> 0 | J47: =COUNTIF(H20,"") -> 1
B48: =B21 -> Supraspinale sf | D48: =IF(G21=H21,1,0) -> 0 | E48: =IF(G21=I21,1,0) -> 0 | F48: =IF(H21=I21,1,0) -> 1 | G48: =IF(I21="",0,1) -> 0 | H48: =IF(L21="Yes",1,0) -> 1 | I48: =COUNTIF(G21,"") -> 0 | J48: =COUNTIF(H21,"") -> 1 | S48: =IF(Info!D34,"Sum of 6 skinfolds","Sumatorio de 6 pliegues" ) -> Sum of 6 skinfolds | U48: =SUM(U17:U18,U21:U24) -> 107 | V48: mm
B49: =B22 -> Abdominal sf | D49: =IF(G22=H22,1,0) -> 0 | E49: =IF(G22=I22,1,0) -> 0 | F49: =IF(H22=I22,1,0) -> 1 | G49: =IF(I22="",0,1) -> 0 | H49: =IF(L22="Yes",1,0) -> 1 | I49: =COUNTIF(G22,"") -> 0 | J49: =COUNTIF(H22,"") -> 1 | S49: =IF(Info!D34,"Sum of 8 skinfolds","Sumatorio de 8 pliegues" ) -> Sum of 8 skinfolds | U49: =SUM(U17:U24) -> 147 | V49: mm
B50: =B23 -> Thigh sf | D50: =IF(G23=H23,1,0) -> 0 | E50: =IF(G23=I23,1,0) -> 0 | F50: =IF(H23=I23,1,0) -> 1 | G50: =IF(I23="",0,1) -> 0 | H50: =IF(L23="Yes",1,0) -> 1 | I50: =COUNTIF(G23,"") -> 0 | J50: =COUNTIF(H23,"") -> 1
B51: =B24 -> Calf sf | D51: =IF(G24=H24,1,0) -> 0 | E51: =IF(G24=I24,1,0) -> 0 | F51: =IF(H24=I24,1,0) -> 1 | G51: =IF(I24="",0,1) -> 0 | H51: =IF(L24="Yes",1,0) -> 1 | I51: =COUNTIF(G24,"") -> 0 | J51: =COUNTIF(H24,"") -> 1 | S51: =IF(Info!D34,"Fat percentage","Porcentaje graso") -> Fat percentage | U51: =IF(U8=1,0.735*(U17+U24)+1,0.61*(U17+U24)+5.1) -> 16.69 | V51: (Slaughter)
B52: =B25 -> Arm girth relaxed | D52: =IF(G25=H25,1,0) -> 0 | E52: =IF(G25=I25,1,0) -> 0 | F52: =IF(H25=I25,1,0) -> 1 | G52: =IF(I25="",0,1) -> 0 | H52: =IF(L25="Yes",1,0) -> 1 | I52: =COUNTIF(G25,"") -> 0 | J52: =COUNTIF(H25,"") -> 1 | U52: =IF(U8=1,0.153*(U17+U18+U21+U22)+5.783,0.213*(U17+U18+U21+U22)+7.9) -> 24.514 | V52: =IF(Info!D34,"(Faulkner, from Yuhasz)","(Faulkner, a partir de Yuhasz)") -> (Faulkner, from Yuhasz)
U53: =IF(U8=1,0.1051*(U48)+2.58,0.1548*(U48)+3.58) -> 20.1436 | V53: =IF(Info!D34,"(Carter, from Yuhasz)","(Carter, a partir de Yuhasz)") -> (Carter, from Yuhasz)
B54: =B27 -> Arm girth flexed and tensed | D54: =IF(G27=H27,1,0) -> 0 | E54: =IF(G27=I27,1,0) -> 0 | F54: =IF(H27=I27,1,0) -> 1 | G54: =IF(I27="",0,1) -> 0 | H54: =IF(L27="Yes",1,0) -> 1 | I54: =COUNTIF(G27,"") -> 0 | J54: =COUNTIF(H27,"") -> 1 | S54: =IF(Info!D34,"Muscle percentage","Porcentaje muscular") -> Muscle percentage | U54: =(U14/100*(0.00744*U26^2+0.00088*U31^2+0.00441*U33^2)+(2.4*(IF(U8=1,1,0)))-0.048*((U10-U11)/365.25)+IF(U7="1",-2,IF(U7="2",1.1,0))+7.8)*100/U13 -> #DIV/0! | V54: (Lee)
B55: =B28 -> Waist girth | D55: =IF(G28=H28,1,0) -> 0 | E55: =IF(G28=I28,1,0) -> 0 | F55: =IF(H28=I28,1,0) -> 1 | G55: =IF(I28="",0,1) -> 0 | H55: =IF(L28="Yes",1,0) -> 1 | I55: =COUNTIF(G28,"") -> 0 | J55: =COUNTIF(H28,"") -> 1 | L55: =COUNTIF(L13:L36,"yes") -> 15 | U55: =(U14/100*((0.0064*(U26^2))+(0.0032*(U31^2))+(0.0015*(U33^2)))+(2.56*IF(U8=1,1,0))+(0.136*(U10-U11)/365.25))*100/U13 -> #DIV/0! | V55: (Poortmans)
B56: =B29 -> Hips girth | D56: =IF(G29=H29,1,0) -> 0 | E56: =IF(G29=I29,1,0) -> 0 | F56: =IF(H29=I29,1,0) -> 1 | G56: =IF(I29="",0,1) -> 0 | H56: =IF(L29="Yes",1,0) -> 1 | I56: =COUNTIF(G29,"") -> 0 | J56: =COUNTIF(H29,"") -> 1 | S56: =IF(Info!D34,"Bone percentage","Porcentaje óseo") -> Bone percentage | U56: =(3.02*(((U14/100)^2)*(U35/100)*(U36/100)*400)^0.712)*100/U13 -> #DIV/0! | V56: (Rocha)
B57: =B30 -> Thigh middle girth | D57: =IF(G30=H30,1,0) -> 0 | E57: =IF(G30=I30,1,0) -> 0 | F57: =IF(H30=I30,1,0) -> 1 | G57: =IF(I30="",0,1) -> 0 | H57: =IF(L30="Yes",1,0) -> 1 | I57: =COUNTIF(G30,"") -> 0 | J57: =COUNTIF(H30,"") -> 1
B59: =B32 -> Calf girth | D59: =IF(G32=H32,1,0) -> 0 | E59: =IF(G32=I32,1,0) -> 0 | F59: =IF(H32=I32,1,0) -> 1 | G59: =IF(I32="",0,1) -> 0 | H59: =IF(L32="Yes",1,0) -> 1 | I59: =COUNTIF(G32,"") -> 0 | J59: =COUNTIF(H32,"") -> 1
B61: =B34 -> Humerus breadth | D61: =IF(G34=H34,1,0) -> 1 | E61: =IF(G34=I34,1,0) -> 1 | F61: =IF(H34=I34,1,0) -> 1 | G61: =IF(I34="",0,1) -> 0 | H61: =IF(L34="Yes",1,0) -> #DIV/0! | I61: =COUNTIF(G34,"") -> 1 | J61: =COUNTIF(H34,"") -> 1
B62: =B35 -> Bi-styloid breadth | D62: =IF(G35=H35,1,0) -> 1 | E62: =IF(G35=I35,1,0) -> 1 | F62: =IF(H35=I35,1,0) -> 1 | G62: =IF(I35="",0,1) -> 0 | H62: =IF(L35="Yes",1,0) -> #DIV/0! | I62: =COUNTIF(G35,"") -> 1 | J62: =COUNTIF(H35,"") -> 1
B63: =B36 -> Femur breadth | D63: =IF(G36=H36,1,0) -> 1 | E63: =IF(G36=I36,1,0) -> 1 | F63: =IF(H36=I36,1,0) -> 1 | G63: =IF(I36="",0,1) -> 0 | H63: =IF(L36="Yes",1,0) -> #DIV/0! | I63: =COUNTIF(G36,"") -> 1 | J63: =COUNTIF(H36,"") -> 1
D64: =SUM(D40:D63) -> 6 | E64: =SUM(E40:E63) -> 6 | F64: =SUM(F40:F63) -> 21 | G64: =SUM(G40:G63) -> 0 | H64: =SUM(H40:H63) -> #DIV/0! | I64: =SUM(I40:I63) -> 6 | J64: =SUM(J40:J63) -> 21
B67: =B13 -> Mass | G67: =+G13 -> 99.4 | H67: =+H13 -> 0 | I67: =+I13 -> 0 | J67: =ABS(G67-H67) -> 99.4 | K67: =ABS(I67-G67) -> 99.4 | L67: =ABS(H67-I67) -> 0 | M67: =IF(J67=MIN(J67:L67),G67,IF(K67=MIN(J67:L67),G67,H67)) -> 0 | N67: =IF(J67=MIN(J67:L67),H67,IF(K67=MIN(J67:L67),I67,I67)) -> 0
B68: =B14 -> Stature | G68: =+G14 -> 0 | H68: =+H14 -> 0 | I68: =+I14 -> 0 | J68: =ABS(G68-H68) -> 0 | K68: =ABS(I68-G68) -> 0 | L68: =ABS(H68-I68) -> 0 | M68: =IF(J68=MIN(J68:L68),G68,IF(K68=MIN(J68:L68),G68,H68)) -> 0 | N68: =IF(J68=MIN(J68:L68),H68,IF(K68=MIN(J68:L68),I68,I68)) -> 0
B69: =B15 -> Sitting height | G69: =+G15 -> 0 | H69: =+H15 -> 0 | I69: =+I15 -> 0 | J69: =ABS(G69-H69) -> 0 | K69: =ABS(I69-G69) -> 0 | L69: =ABS(H69-I69) -> 0 | M69: =IF(J69=MIN(J69:L69),G69,IF(K69=MIN(J69:L69),G69,H69)) -> 0 | N69: =IF(J69=MIN(J69:L69),H69,IF(K69=MIN(J69:L69),I69,I69)) -> 0
B70: =B16 -> Arm Span | G70: =+G16 -> 0 | H70: =+H16 -> 0 | I70: =+I16 -> 0 | J70: =ABS(G70-H70) -> 0 | K70: =ABS(I70-G70) -> 0 | L70: =ABS(H70-I70) -> 0 | M70: =IF(J70=MIN(J70:L70),G70,IF(K70=MIN(J70:L70),G70,H70)) -> 0 | N70: =IF(J70=MIN(J70:L70),H70,IF(K70=MIN(J70:L70),I70,I70)) -> 0
B71: =B17 -> Triceps sf | G71: =+G17 -> 12 | H71: =+H17 -> 0 | I71: =+I17 -> 0 | J71: =ABS(G71-H71) -> 12 | K71: =ABS(I71-G71) -> 12 | L71: =ABS(H71-I71) -> 0 | M71: =IF(J71=MIN(J71:L71),G71,IF(K71=MIN(J71:L71),G71,H71)) -> 0 | N71: =IF(J71=MIN(J71:L71),H71,IF(K71=MIN(J71:L71),I71,I71)) -> 0
B72: =B18 -> Subscapular sf | G72: =+G18 -> 18 | H72: =+H18 -> 0 | I72: =+I18 -> 0 | J72: =ABS(G72-H72) -> 18 | K72: =ABS(I72-G72) -> 18 | L72: =ABS(H72-I72) -> 0 | M72: =IF(J72=MIN(J72:L72),G72,IF(K72=MIN(J72:L72),G72,H72)) -> 0 | N72: =IF(J72=MIN(J72:L72),H72,IF(K72=MIN(J72:L72),I72,I72)) -> 0
B73: =B19 -> Biceps sf | G73: =+G19 -> 5 | H73: =+H19 -> 0 | I73: =+I19 -> 0 | J73: =ABS(G73-H73) -> 5 | K73: =ABS(I73-G73) -> 5 | L73: =ABS(H73-I73) -> 0 | M73: =IF(J73=MIN(J73:L73),G73,IF(K73=MIN(J73:L73),G73,H73)) -> 0 | N73: =IF(J73=MIN(J73:L73),H73,IF(K73=MIN(J73:L73),I73,I73)) -> 0
B74: =B20 -> Iliac crest sf | G74: =+G20 -> 35 | H74: =+H20 -> 0 | I74: =+I20 -> 0 | J74: =ABS(G74-H74) -> 35 | K74: =ABS(I74-G74) -> 35 | L74: =ABS(H74-I74) -> 0 | M74: =IF(J74=MIN(J74:L74),G74,IF(K74=MIN(J74:L74),G74,H74)) -> 0 | N74: =IF(J74=MIN(J74:L74),H74,IF(K74=MIN(J74:L74),I74,I74)) -> 0
B75: =B21 -> Supraspinale sf | G75: =+G21 -> 16 | H75: =+H21 -> 0 | I75: =+I21 -> 0 | J75: =ABS(G75-H75) -> 16 | K75: =ABS(I75-G75) -> 16 | L75: =ABS(H75-I75) -> 0 | M75: =IF(J75=MIN(J75:L75),G75,IF(K75=MIN(J75:L75),G75,H75)) -> 0 | N75: =IF(J75=MIN(J75:L75),H75,IF(K75=MIN(J75:L75),I75,I75)) -> 0
B76: =B22 -> Abdominal sf | G76: =+G22 -> 32 | H76: =+H22 -> 0 | I76: =+I22 -> 0 | J76: =ABS(G76-H76) -> 32 | K76: =ABS(I76-G76) -> 32 | L76: =ABS(H76-I76) -> 0 | M76: =IF(J76=MIN(J76:L76),G76,IF(K76=MIN(J76:L76),G76,H76)) -> 0 | N76: =IF(J76=MIN(J76:L76),H76,IF(K76=MIN(J76:L76),I76,I76)) -> 0
B77: =B23 -> Thigh sf | G77: =+G23 -> 22 | H77: =+H23 -> 0 | I77: =+I23 -> 0 | J77: =ABS(G77-H77) -> 22 | K77: =ABS(I77-G77) -> 22 | L77: =ABS(H77-I77) -> 0 | M77: =IF(J77=MIN(J77:L77),G77,IF(K77=MIN(J77:L77),G77,H77)) -> 0 | N77: =IF(J77=MIN(J77:L77),H77,IF(K77=MIN(J77:L77),I77,I77)) -> 0
B78: =B24 -> Calf sf | G78: =+G24 -> 7 | H78: =+H24 -> 0 | I78: =+I24 -> 0 | J78: =ABS(G78-H78) -> 7 | K78: =ABS(I78-G78) -> 7 | L78: =ABS(H78-I78) -> 0 | M78: =IF(J78=MIN(J78:L78),G78,IF(K78=MIN(J78:L78),G78,H78)) -> 0 | N78: =IF(J78=MIN(J78:L78),H78,IF(K78=MIN(J78:L78),I78,I78)) -> 0
B79: =B25 -> Arm girth relaxed | G79: =+G25 -> 37.4 | H79: =+H25 -> 0 | I79: =+I25 -> 0 | J79: =ABS(G79-H79) -> 37.4 | K79: =ABS(I79-G79) -> 37.4 | L79: =ABS(H79-I79) -> 0 | M79: =IF(J79=MIN(J79:L79),G79,IF(K79=MIN(J79:L79),G79,H79)) -> 0 | N79: =IF(J79=MIN(J79:L79),H79,IF(K79=MIN(J79:L79),I79,I79)) -> 0
B80: =B27 -> Arm girth flexed and tensed | G80: =+G27 -> 40 | H80: =+H27 -> 0 | I80: =+I27 -> 0 | J80: =ABS(G80-H80) -> 40 | K80: =ABS(I80-G80) -> 40 | L80: =ABS(H80-I80) -> 0 | M80: =IF(J80=MIN(J80:L80),G80,IF(K80=MIN(J80:L80),G80,H80)) -> 0 | N80: =IF(J80=MIN(J80:L80),H80,IF(K80=MIN(J80:L80),I80,I80)) -> 0
B81: =B28 -> Waist girth | G81: =+G28 -> 95 | H81: =+H28 -> 0 | I81: =+I28 -> 0 | J81: =ABS(G81-H81) -> 95 | K81: =ABS(I81-G81) -> 95 | L81: =ABS(H81-I81) -> 0 | M81: =IF(J81=MIN(J81:L81),G81,IF(K81=MIN(J81:L81),G81,H81)) -> 0 | N81: =IF(J81=MIN(J81:L81),H81,IF(K81=MIN(J81:L81),I81,I81)) -> 0
B82: =B29 -> Hips girth | G82: =+G29 -> 109 | H82: =+H29 -> 0 | I82: =+I29 -> 0 | J82: =ABS(G82-H82) -> 109 | K82: =ABS(I82-G82) -> 109 | L82: =ABS(H82-I82) -> 0 | M82: =IF(J82=MIN(J82:L82),G82,IF(K82=MIN(J82:L82),G82,H82)) -> 0 | N82: =IF(J82=MIN(J82:L82),H82,IF(K82=MIN(J82:L82),I82,I82)) -> 0
B83: =B30 -> Thigh middle girth | G83: =+G30 -> 61 | H83: =+H30 -> 0 | I83: =+I30 -> 0 | J83: =ABS(G83-H83) -> 61 | K83: =ABS(I83-G83) -> 61 | L83: =ABS(H83-I83) -> 0 | M83: =IF(J83=MIN(J83:L83),G83,IF(K83=MIN(J83:L83),G83,H83)) -> 0 | N83: =IF(J83=MIN(J83:L83),H83,IF(K83=MIN(J83:L83),I83,I83)) -> 0
B84: =B32 -> Calf girth | G84: =+G32 -> 41 | H84: =+H32 -> 0 | I84: =+I32 -> 0 | J84: =ABS(G84-H84) -> 41 | K84: =ABS(I84-G84) -> 41 | L84: =ABS(H84-I84) -> 0 | M84: =IF(J84=MIN(J84:L84),G84,IF(K84=MIN(J84:L84),G84,H84)) -> 0 | N84: =IF(J84=MIN(J84:L84),H84,IF(K84=MIN(J84:L84),I84,I84)) -> 0
B85: =B34 -> Humerus breadth | G85: =+G34 -> 0 | H85: =+H34 -> 0 | I85: =+I34 -> 0 | J85: =ABS(G85-H85) -> 0 | K85: =ABS(I85-G85) -> 0 | L85: =ABS(H85-I85) -> 0 | M85: =IF(J85=MIN(J85:L85),G85,IF(K85=MIN(J85:L85),G85,H85)) -> 0 | N85: =IF(J85=MIN(J85:L85),H85,IF(K85=MIN(J85:L85),I85,I85)) -> 0
B86: =B35 -> Bi-styloid breadth | G86: =+G35 -> 0 | H86: =+H35 -> 0 | I86: =+I35 -> 0 | J86: =ABS(G86-H86) -> 0 | K86: =ABS(I86-G86) -> 0 | L86: =ABS(H86-I86) -> 0 | M86: =IF(J86=MIN(J86:L86),G86,IF(K86=MIN(J86:L86),G86,H86)) -> 0 | N86: =IF(J86=MIN(J86:L86),H86,IF(K86=MIN(J86:L86),I86,I86)) -> 0
B87: =B36 -> Femur breadth | G87: =+G36 -> 0 | H87: =+H36 -> 0 | I87: =+I36 -> 0 | J87: =ABS(G87-H87) -> 0 | K87: =ABS(I87-G87) -> 0 | L87: =ABS(H87-I87) -> 0 | M87: =IF(J87=MIN(J87:L87),G87,IF(K87=MIN(J87:L87),G87,H87)) -> 0 | N87: =IF(J87=MIN(J87:L87),H87,IF(K87=MIN(J87:L87),I87,I87)) -> 0

Sheet 4
B2: =IF(Info!D34,"ISAK RESTRICTED PROFORMA","PROFORMA PERFIL RESTRINGIDO ISAK") -> ISAK RESTRICTED PROFORMA | R2: =IF(Info!D34,"ISAK PROFORMA PRINTOUT","INFORME PROFORMA ISAK") -> ISAK PROFORMA PRINTOUT
B4: =IF(Info!D34,"Name","Nombre") -> Name | R4: =+B4 -> Name | U4: =+G4 -> 0
B5: =IF(Info!D34,"Surname","Apellidos") -> Surname | R5: =+B5 -> Surname | U5: =+G5 -> 0
B6: =IF(Info!D34,"Country","País") -> Country | R6: =+B6 -> Country | U6: =+G6 -> 0
B7: =IF(Info!D34,"Ethnicity (Asian=1; African-American=2; Caucasian=3)","Raza (asiático=1; afro-americano=2; caucásico=3)") -> Ethnicity (Asian=1; African-American=2; Caucasian=3) | R7: =+B7 -> Ethnicity (Asian=1; African-American=2; Caucasian=3) | U7: =+G7 -> 0
B8: =IF(Info!D34,"Sex (male=1, female=2)","Sexo (hombre=1, mujer=2)") -> Sex (male=1, female=2) | R8: =+B8 -> Sex (male=1, female=2) | U8: =+G8 -> 0
B9: =IF(Info!D34,"Sport","Deporte") -> Sport | R9: =+B9 -> Sport | U9: =+G9 -> 0
B10: =IF(Info!D34,"Date of Measurement","Fecha de la valoración") -> Date of Measurement | R10: =+B10 -> Date of Measurement | U10: =+G10 -> 0
B11: =IF(Info!D34,"Date of Birth","Fecha de nacimiento") -> Date of Birth | K11: =IF(Info!D34,"3rd measure?","¿3ª medida?") -> 3rd measure? | N11: =IF(Info!D34,"Mean or Median","Media o Mediana") -> Mean or Median | R11: =+B11 -> Date of Birth | U11: =+G11 -> 0
B12: =IF(Info!D34,"Measure","Medida") -> Measure | G12: 1 | H12: 2 | I12: 3 | U12: =IF(Info!D34,"Value", "Valor") -> Value | W12: =IF(Info!D34,"Phantom Z-value","Valor Z del Phantom") -> Phantom Z-value
B13: =IF(Info!D34,"Mass","Masa corporal") -> Mass | K13: =+(H13-G13)/(AVERAGE(G13:H13)) -> #DIV/0! | L13: =IF(ABS(K13)>1%,"Yes","No") -> #DIV/0! | N13: =IF(I13=0,AVERAGE(G13,H13),MEDIAN(G13,H13,I13)) -> #DIV/0! | R13: =+B13 -> Mass | U13: =+N13 -> #DIV/0! | V13: kg | W13: =1/8.6*(+U13*((170.18/U$14)^3)-64.58) -> #DIV/0!
B14: =IF(Info!D34,"Stature","Talla") -> Stature | K14: =+(H14-G14)/(AVERAGE(G14:H14)) -> #DIV/0! | L14: =IF(ABS(K14)>1%,"Yes","No") -> #DIV/0! | N14: =IF(I14=0,AVERAGE(G14,H14),MEDIAN(G14,H14,I14)) -> #DIV/0! | R14: =+B14 -> Stature | U14: =+N14 -> #DIV/0! | V14: cm
B15: =IF(Info!D34,"Sitting height","Talla sentado") -> Sitting height | K15: =+(H15-G15)/(AVERAGE(G15:H15)) -> #DIV/0! | L15: =IF(ABS(K15)>1%,"Yes","No") -> #DIV/0! | N15: =IF(I15=0,AVERAGE(G15,H15),MEDIAN(G15,H15,I15)) -> #DIV/0! | R15: =+B15 -> Sitting height | U15: =+N15 -> #DIV/0! | V15: cm | W15: =1/4.5*(+U15*((170.18/U$14)^1)-89.92) -> #DIV/0!
B16: =IF(Info!D34,"Arm Span","Envergadura de brazos") -> Arm Span | K16: =+(H16-G16)/(AVERAGE(G16:H16)) -> #DIV/0! | L16: =IF(ABS(K16)>1%,"Yes","No") -> #DIV/0! | N16: =IF(I16=0,AVERAGE(G16,H16),MEDIAN(G16,H16,I16)) -> #DIV/0! | R16: =+B16 -> Arm Span | U16: =+N16 -> #DIV/0! | V16: cm | W16: =1/7.41*(+U16*((170.18/U$14)^1)-172.35) -> #DIV/0!
B17: =IF(Info!D34,"Triceps sf","PL Tríceps") -> Triceps sf | K17: =+(H17-G17)/(AVERAGE(G17:H17)) -> #DIV/0! | L17: =IF(ABS(K17)>5%,"Yes","No") -> #DIV/0! | N17: =IF(I17=0,AVERAGE(G17,H17),MEDIAN(G17,H17,I17)) -> #DIV/0! | R17: =+B17 -> Triceps sf | U17: =+N17 -> #DIV/0! | V17: mm | W17: =1/4.47*(+U17*((170.18/U$14)^1)-15.4) -> #DIV/0!
B18: =IF(Info!D34,"Subscapular sf","PL Subescapular") -> Subscapular sf | K18: =+(H18-G18)/(AVERAGE(G18:H18)) -> #DIV/0! | L18: =IF(ABS(K18)>5%,"Yes","No") -> #DIV/0! | N18: =IF(I18=0,AVERAGE(G18,H18),MEDIAN(G18,H18,I18)) -> #DIV/0! | R18: =+B18 -> Subscapular sf | U18: =+N18 -> #DIV/0! | V18: mm | W18: =1/5.07*(+U18*((170.18/U$14)^1)-17.2) -> #DIV/0!
B19: =IF(Info!D34,"Biceps sf","PL Bíceps") -> Biceps sf | K19: =+(H19-G19)/(AVERAGE(G19:H19)) -> #DIV/0! | L19: =IF(ABS(K19)>5%,"Yes","No") -> #DIV/0! | N19: =IF(I19=0,AVERAGE(G19,H19),MEDIAN(G19,H19,I19)) -> #DIV/0! | R19: =+B19 -> Biceps sf | U19: =+N19 -> #DIV/0! | V19: mm | W19: =1/2*(+U19*((170.18/U$14)^1)-8) -> #DIV/0!
B20: =IF(Info!D34,"Iliac crest sf","PL Cresta Iliaca") -> Iliac crest sf | K20: =+(H20-G20)/(AVERAGE(G20:H20)) -> #DIV/0! | L20: =IF(ABS(K20)>5%,"Yes","No") -> #DIV/0! | N20: =IF(I20=0,AVERAGE(G20,H20),MEDIAN(G20,H20,I20)) -> #DIV/0! | R20: =+B20 -> Iliac crest sf | U20: =+N20 -> #DIV/0! | V20: mm | W20: =1/6.8*(+U20*((170.18/U$14)^1)-22.4) -> #DIV/0!
B21: =IF(Info!D34,"Supraspinale sf","PL Supraespinal") -> Supraspinale sf | K21: =+(H21-G21)/(AVERAGE(G21:H21)) -> #DIV/0! | L21: =IF(ABS(K21)>5%,"Yes","No") -> #DIV/0! | N21: =IF(I21=0,AVERAGE(G21,H21),MEDIAN(G21,H21,I21)) -> #DIV/0! | R21: =+B21 -> Supraspinale sf | U21: =+N21 -> #DIV/0! | V21: mm | W21: =1/4.47*(+U21*((170.18/U$14)^1)-15.4) -> #DIV/0!
B22: =IF(Info!D34,"Abdominal sf","PL Abdominal") -> Abdominal sf | K22: =+(H22-G22)/(AVERAGE(G22:H22)) -> #DIV/0! | L22: =IF(ABS(K22)>5%,"Yes","No") -> #DIV/0! | N22: =IF(I22=0,AVERAGE(G22,H22),MEDIAN(G22,H22,I22)) -> #DIV/0! | R22: =+B22 -> Abdominal sf | U22: =+N22 -> #DIV/0! | V22: mm | W22: =1/7.78*(+U22*((170.18/U$14)^1)-25.4) -> #DIV/0!
B23: =IF(Info!D34,"Thigh sf","PL Muslo") -> Thigh sf | K23: =+(H23-G23)/(AVERAGE(G23:H23)) -> #DIV/0! | L23: =IF(ABS(K23)>5%,"Yes","No") -> #DIV/0! | N23: =IF(I23=0,AVERAGE(G23,H23),MEDIAN(G23,H23,I23)) -> #DIV/0! | R23: =+B23 -> Thigh sf | U23: =+N23 -> #DIV/0! | V23: mm | W23: =1/8.33*(+U23*((170.18/U$14)^1)-27) -> #DIV/0!
B24: =IF(Info!D34,"Calf sf","PL Pierna") -> Calf sf | K24: =+(H24-G24)/(AVERAGE(G24:H24)) -> #DIV/0! | L24: =IF(ABS(K24)>5%,"Yes","No") -> #DIV/0! | N24: =IF(I24=0,AVERAGE(G24,H24),MEDIAN(G24,H24,I24)) -> #DIV/0! | R24: =+B24 -> Calf sf | U24: =+N24 -> #DIV/0! | V24: mm | W24: =1/4.67*(+U24*((170.18/U$14)^1)-16) -> #DIV/0!
B25: =IF(Info!D34,"Arm girth relaxed","PR Brazo relajado") -> Arm girth relaxed | K25: =+(H25-G25)/(AVERAGE(G25:H25)) -> #DIV/0! | L25: =IF(ABS(K25)>1%,"Yes","No") -> #DIV/0! | N25: =IF(I25=0,AVERAGE(G25,H25),MEDIAN(G25,H25,I25)) -> #DIV/0! | R25: =+B25 -> Arm girth relaxed | U25: =+N25 -> #DIV/0! | V25: cm | W25: =1/2.33*(+U25*((170.18/U$14)^1)-26.89) -> #DIV/0!
B26: =IF(Info!D34,"Corrected arm girth","PR Brazo corregido") -> Corrected arm girth | R26: =+B26 -> Corrected arm girth | U26: =+U25-(PI()*U17/10) -> #DIV/0! | V26: cm | W26: =1/1.91*(+U26*((170.18/U$14)^1)-22.05) -> #DIV/0!
B27: =IF(Info!D34,"Arm girth flexed and tensed","PR Brazo flexionado y contraído") -> Arm girth flexed and tensed | K27: =+(H27-G27)/(AVERAGE(G27:H27)) -> #DIV/0! | L27: =IF(ABS(K27)>1%,"Yes","No") -> #DIV/0! | N27: =IF(I27=0,AVERAGE(G27,H27),MEDIAN(G27,H27,I27)) -> #DIV/0! | R27: =+B27 -> Arm girth flexed and tensed | U27: =+N27 -> #DIV/0! | V27: cm | W27: =1/2.37*(+U27*((170.18/U$14)^1)-29.41) -> #DIV/0!
B28: =IF(Info!D34,"Waist girth","PR Cintura") -> Waist girth | K28: =+(H28-G28)/(AVERAGE(G28:H28)) -> #DIV/0! | L28: =IF(ABS(K28)>1%,"Yes","No") -> #DIV/0! | N28: =IF(I28=0,AVERAGE(G28,H28),MEDIAN(G28,H28,I28)) -> #DIV/0! | R28: =+B28 -> Waist girth | U28: =+N28 -> #DIV/0! | V28: cm | W28: =1/4.45*(+U28*((170.18/U$14)^1)-71.91) -> #DIV/0!
B29: =IF(Info!D34,"Hips girth","PR Caderas") -> Hips girth | K29: =+(H29-G29)/(AVERAGE(G29:H29)) -> #DIV/0! | L29: =IF(ABS(K29)>1%,"Yes","No") -> #DIV/0! | N29: =IF(I29=0,AVERAGE(G29,H29),MEDIAN(G29,H29,I29)) -> #DIV/0! | R29: =+B29 -> Hips girth | U29: =+N29 -> #DIV/0! | V29: cm | W29: =1/5.58*(+U29*((170.18/U$14)^1)-94.67) -> #DIV/0!
B30: =IF(Info!D34,"Thigh middle girth","PR Muslo medio") -> Thigh middle girth | K30: =+(H30-G30)/(AVERAGE(G30:H30)) -> #DIV/0! | L30: =IF(ABS(K30)>1%,"Yes","No") -> #DIV/0! | N30: =IF(I30=0,AVERAGE(G30,H30),MEDIAN(G30,H30,I30)) -> #DIV/0! | R30: =+B30 -> Thigh middle girth | U30: =+N30 -> #DIV/0! | V30: cm | W30: =1/4.56*(+U30*((170.18/U$14)^1)-53.2) -> #DIV/0!
B31: =IF(Info!D34,"Corrected thigh girth","PR Muslo corregido") -> Corrected thigh girth | R31: =+B31 -> Corrected thigh girth | U31: =+U30-(PI()*U23/10) -> #DIV/0! | V31: cm | W31: =1/3.59*(+U31*((170.18/U$14)^1)-47.34) -> #DIV/0!
B32: =IF(Info!D34,"Calf girth","PR Pierna") -> Calf girth | K32: =+(H32-G32)/(AVERAGE(G32:H32)) -> #DIV/0! | L32: =IF(ABS(K32)>1%,"Yes","No") -> #DIV/0! | N32: =IF(I32=0,AVERAGE(G32,H32),MEDIAN(G32,H32,I32)) -> #DIV/0! | R32: =+B32 -> Calf girth | U32: =+N32 -> #DIV/0! | V32: cm | W32: =1/2.3*(+U32*((170.18/U$14)^1)-35.25) -> #DIV/0!
B33: =IF(Info!D34,"Corrected calf girth","PR Pierna corregido") -> Corrected calf girth | R33: =+B33 -> Corrected calf girth | U33: =+U32-(PI()*U24/10) -> #DIV/0! | V33: cm | W33: =1/1.97*(+U33*((170.18/U$14)^1)-30.22) -> #DIV/0!
B34: =IF(Info!D34,"Humerus breadth","D Húmero") -> Humerus breadth | K34: =+(H34-G34)/(AVERAGE(G34:H34)) -> #DIV/0! | L34: =IF(ABS(K34)>1%,"Yes","No") -> #DIV/0! | N34: =IF(I34=0,AVERAGE(G34,H34),MEDIAN(G34,H34,I34)) -> #DIV/0! | R34: =+B34 -> Humerus breadth | U34: =+N34 -> #DIV/0! | V34: cm | W34: =1/0.35*(+U34*((170.18/U$14)^1)-6.48) -> #DIV/0!
B35: =IF(Info!D34,"Bi-styloid breadth","D Biestiloideo") -> Bi-styloid breadth | K35: =+(H35-G35)/(AVERAGE(G35:H35)) -> #DIV/0! | L35: =IF(ABS(K35)>1%,"Yes","No") -> #DIV/0! | N35: =IF(I35=0,AVERAGE(G35,H35),MEDIAN(G35,H35,I35)) -> #DIV/0! | R35: =+B35 -> Bi-styloid breadth | U35: =+N35 -> #DIV/0! | V35: cm | W35: =1/0.28*(+U35*((170.18/U$14)^1)-5.21) -> #DIV/0!
B36: =IF(Info!D34,"Femur breadth","D Fémur") -> Femur breadth | K36: =+(H36-G36)/(AVERAGE(G36:H36)) -> #DIV/0! | L36: =IF(ABS(K36)>1%,"Yes","No") -> #DIV/0! | N36: =IF(I36=0,AVERAGE(G36,H36),MEDIAN(G36,H36,I36)) -> #DIV/0! | R36: =+B36 -> Femur breadth | U36: =+N36 -> #DIV/0! | V36: cm | W36: =1/0.48*(+U36*((170.18/U$14)^1)-9.52) -> #DIV/0!
D39: 1ª Vs 2ª | E39: 1ªVs 3ª | F39: 2ª Vs 3ª | G39: =IF(Info!D34,"3rd measure taken?","¿3ª medida tomada?") -> 3rd measure taken? | H39: =IF(Info!D34,"3rd measure requested?","¿3ª medida solicitada?") -> 3rd measure requested? | I39: =IF(Info!D34,"He/she has not done 1st measure","No se ha realizado la 1ª medición") -> He/she has not done 1st measure | J39: =IF(Info!E34,"He/she has not done 2nd measure","No se ha realizado la 2ª medición") -> No se ha realizado la 2ª medición
B40: =B13 -> Mass | D40: =IF(G13=H13,1,0) -> 1 | E40: =IF(G13=I13,1,0) -> 1 | F40: =IF(H13=I13,1,0) -> 1 | G40: =IF(I13="",0,1) -> 0 | H40: =IF(L13="Yes",1,0) -> #DIV/0! | I40: =COUNTIF(G13,"") -> 1 | J40: =COUNTIF(H13,"") -> 1 | S40: ='3'!S40 -> Somatotype | T40: =IF(Info!D34,"Endomorphy","Endomorfia") -> Endomorphy | U40: =-0.7182+0.1451*((U17+U18+U21)*(170.18/U14))-0.00068*(((U17+U18+U21)*(170.18/U14))^2)+0.0000014*(((U17+U18+U21)*(170.18/U14))^3) -> #DIV/0!
B41: =B14 -> Stature | D41: =IF(G14=H14,1,0) -> 1 | E41: =IF(G14=I14,1,0) -> 1 | F41: =IF(H14=I14,1,0) -> 1 | G41: =IF(I14="",0,1) -> 0 | H41: =IF(L14="Yes",1,0) -> #DIV/0! | I41: =COUNTIF(G14,"") -> 1 | J41: =COUNTIF(H14,"") -> 1 | S41: ='3'!S41 -> (Heath-Carter) | T41: =IF(Info!D34,"Mesomorphy","Mesomorfia") -> Mesomorphy | U41: =(0.858*U34)+(0.601*U36)+(0.188*(U27-(U17/10)))+(0.161*(U32-(U24/10)))-(0.131*U14)+4.5 -> #DIV/0!
B42: =B15 -> Sitting height | D42: =IF(G15=H15,1,0) -> 1 | E42: =IF(G15=I15,1,0) -> 1 | F42: =IF(H15=I15,1,0) -> 1 | G42: =IF(I15="",0,1) -> 0 | H42: =IF(L15="Yes",1,0) -> #DIV/0! | I42: =COUNTIF(G15,"") -> 1 | J42: =COUNTIF(H15,"") -> 1 | T42: =IF(Info!D34,"Ectomorphy","Ectomorfia") -> Ectomorphy | U42: =IF(V42>40.75,((0.732*V42)-28.58),IF(V42>38.28,((0.463*V42)-17.63),0.1)) -> #DIV/0! | V42: =U14/(U13^(1/3)) -> #DIV/0!
B43: =B16 -> Arm Span | D43: =IF(G16=H16,1,0) -> 1 | E43: =IF(G16=I16,1,0) -> 1 | F43: =IF(H16=I16,1,0) -> 1 | G43: =IF(I16="",0,1) -> 0 | H43: =IF(L16="Yes",1,0) -> #DIV/0! | I43: =COUNTIF(G16,"") -> 1 | J43: =COUNTIF(H16,"") -> 1
B44: =B17 -> Triceps sf | D44: =IF(G17=H17,1,0) -> 1 | E44: =IF(G17=I17,1,0) -> 1 | F44: =IF(H17=I17,1,0) -> 1 | G44: =IF(I17="",0,1) -> 0 | H44: =IF(L17="Yes",1,0) -> #DIV/0! | I44: =COUNTIF(G17,"") -> 1 | J44: =COUNTIF(H17,"") -> 1 | S44: ='3'!S44 -> Body Mass Index (MBI) | U44: =+U13/(U14/100)^2 -> #DIV/0! | V44: ='3'!V44 -> kg/m2
B45: =B18 -> Subscapular sf | D45: =IF(G18=H18,1,0) -> 1 | E45: =IF(G18=I18,1,0) -> 1 | F45: =IF(H18=I18,1,0) -> 1 | G45: =IF(I18="",0,1) -> 0 | H45: =IF(L18="Yes",1,0) -> #DIV/0! | I45: =COUNTIF(G18,"") -> 1 | J45: =COUNTIF(H18,"") -> 1
B46: =B19 -> Biceps sf | D46: =IF(G19=H19,1,0) -> 1 | E46: =IF(G19=I19,1,0) -> 1 | F46: =IF(H19=I19,1,0) -> 1 | G46: =IF(I19="",0,1) -> 0 | H46: =IF(L19="Yes",1,0) -> #DIV/0! | I46: =COUNTIF(G19,"") -> 1 | J46: =COUNTIF(H19,"") -> 1 | S46: ='3'!S46 -> Waist/Hip ratio | U46: =+U28/U29 -> #DIV/0!
B47: =B20 -> Iliac crest sf | D47: =IF(G20=H20,1,0) -> 1 | E47: =IF(G20=I20,1,0) -> 1 | F47: =IF(H20=I20,1,0) -> 1 | G47: =IF(I20="",0,1) -> 0 | H47: =IF(L20="Yes",1,0) -> #DIV/0! | I47: =COUNTIF(G20,"") -> 1 | J47: =COUNTIF(H20,"") -> 1
B48: =B21 -> Supraspinale sf | D48: =IF(G21=H21,1,0) -> 1 | E48: =IF(G21=I21,1,0) -> 1 | F48: =IF(H21=I21,1,0) -> 1 | G48: =IF(I21="",0,1) -> 0 | H48: =IF(L21="Yes",1,0) -> #DIV/0! | I48: =COUNTIF(G21,"") -> 1 | J48: =COUNTIF(H21,"") -> 1 | S48: ='3'!S48 -> Sum of 6 skinfolds | U48: =SUM(U17:U18,U21:U24) -> #DIV/0! | V48: ='3'!V48 -> mm
B49: =B22 -> Abdominal sf | D49: =IF(G22=H22,1,0) -> 1 | E49: =IF(G22=I22,1,0) -> 1 | F49: =IF(H22=I22,1,0) -> 1 | G49: =IF(I22="",0,1) -> 0 | H49: =IF(L22="Yes",1,0) -> #DIV/0! | I49: =COUNTIF(G22,"") -> 1 | J49: =COUNTIF(H22,"") -> 1 | S49: ='3'!S49 -> Sum of 8 skinfolds | U49: =SUM(U17:U24) -> #DIV/0! | V49: ='3'!V49 -> mm
B50: =B23 -> Thigh sf | D50: =IF(G23=H23,1,0) -> 1 | E50: =IF(G23=I23,1,0) -> 1 | F50: =IF(H23=I23,1,0) -> 1 | G50: =IF(I23="",0,1) -> 0 | H50: =IF(L23="Yes",1,0) -> #DIV/0! | I50: =COUNTIF(G23,"") -> 1 | J50: =COUNTIF(H23,"") -> 1
B51: =B24 -> Calf sf | D51: =IF(G24=H24,1,0) -> 1 | E51: =IF(G24=I24,1,0) -> 1 | F51: =IF(H24=I24,1,0) -> 1 | G51: =IF(I24="",0,1) -> 0 | H51: =IF(L24="Yes",1,0) -> #DIV/0! | I51: =COUNTIF(G24,"") -> 1 | J51: =COUNTIF(H24,"") -> 1 | S51: ='3'!S51 -> Fat percentage | U51: =IF(U8=1,0.735*(U17+U24)+1,0.61*(U17+U24)+5.1) -> #DIV/0! | V51: ='3'!V51 -> (Slaughter)
B52: =B25 -> Arm girth relaxed | D52: =IF(G25=H25,1,0) -> 1 | E52: =IF(G25=I25,1,0) -> 1 | F52: =IF(H25=I25,1,0) -> 1 | G52: =IF(I25="",0,1) -> 0 | H52: =IF(L25="Yes",1,0) -> #DIV/0! | I52: =COUNTIF(G25,"") -> 1 | J52: =COUNTIF(H25,"") -> 1 | U52: =IF(U8=1,0.153*(U17+U18+U21+U22)+5.783,0.213*(U17+U18+U21+U22)+7.9) -> #DIV/0! | V52: ='3'!V52 -> (Faulkner, from Yuhasz)
U53: =IF(U8=1,0.1051*(U48)+2.58,0.1548*(U48)+3.58) -> #DIV/0! | V53: ='3'!V53 -> (Carter, from Yuhasz)
B54: =B27 -> Arm girth flexed and tensed | D54: =IF(G27=H27,1,0) -> 1 | E54: =IF(G27=I27,1,0) -> 1 | F54: =IF(H27=I27,1,0) -> 1 | G54: =IF(I27="",0,1) -> 0 | H54: =IF(L27="Yes",1,0) -> #DIV/0! | I54: =COUNTIF(G27,"") -> 1 | J54: =COUNTIF(H27,"") -> 1 | S54: ='3'!S54 -> Muscle percentage | U54: =(U14/100*(0.00744*U26^2+0.00088*U31^2+0.00441*U33^2)+(2.4*(IF(U8=1,1,0)))-0.048*((U10-U11)/365.25)+IF(U7="1",-2,IF(U7="2",1.1,0))+7.8)*100/U13 -> #DIV/0! | V54: ='3'!V54 -> (Lee)
B55: =B28 -> Waist girth | D55: =IF(G28=H28,1,0) -> 1 | E55: =IF(G28=I28,1,0) -> 1 | F55: =IF(H28=I28,1,0) -> 1 | G55: =IF(I28="",0,1) -> 0 | H55: =IF(L28="Yes",1,0) -> #DIV/0! | I55: =COUNTIF(G28,"") -> 1 | J55: =COUNTIF(H28,"") -> 1 | L55: =COUNTIF(L13:L36,"yes") -> 0 | U55: =(U14/100*((0.0064*(U26^2))+(0.0032*(U31^2))+(0.0015*(U33^2)))+(2.56*IF(U8=1,1,0))+(0.136*(U10-U11)/365.25))*100/U13 -> #DIV/0! | V55: ='3'!V55 -> (Poortmans)
B56: =B29 -> Hips girth | D56: =IF(G29=H29,1,0) -> 1 | E56: =IF(G29=I29,1,0) -> 1 | F56: =IF(H29=I29,1,0) -> 1 | G56: =IF(I29="",0,1) -> 0 | H56: =IF(L29="Yes",1,0) -> #DIV/0! | I56: =COUNTIF(G29,"") -> 1 | J56: =COUNTIF(H29,"") -> 1 | S56: ='3'!S56 -> Bone percentage | U56: =(3.02*(((U14/100)^2)*(U35/100)*(U36/100)*400)^0.712)*100/U13 -> #DIV/0! | V56: ='3'!V56 -> (Rocha)
B57: =B30 -> Thigh middle girth | D57: =IF(G30=H30,1,0) -> 1 | E57: =IF(G30=I30,1,0) -> 1 | F57: =IF(H30=I30,1,0) -> 1 | G57: =IF(I30="",0,1) -> 0 | H57: =IF(L30="Yes",1,0) -> #DIV/0! | I57: =COUNTIF(G30,"") -> 1 | J57: =COUNTIF(H30,"") -> 1
B59: =B32 -> Calf girth | D59: =IF(G32=H32,1,0) -> 1 | E59: =IF(G32=I32,1,0) -> 1 | F59: =IF(H32=I32,1,0) -> 1 | G59: =IF(I32="",0,1) -> 0 | H59: =IF(L32="Yes",1,0) -> #DIV/0! | I59: =COUNTIF(G32,"") -> 1 | J59: =COUNTIF(H32,"") -> 1
B61: =B34 -> Humerus breadth | D61: =IF(G34=H34,1,0) -> 1 | E61: =IF(G34=I34,1,0) -> 1 | F61: =IF(H34=I34,1,0) -> 1 | G61: =IF(I34="",0,1) -> 0 | H61: =IF(L34="Yes",1,0) -> #DIV/0! | I61: =COUNTIF(G34,"") -> 1 | J61: =COUNTIF(H34,"") -> 1
B62: =B35 -> Bi-styloid breadth | D62: =IF(G35=H35,1,0) -> 1 | E62: =IF(G35=I35,1,0) -> 1 | F62: =IF(H35=I35,1,0) -> 1 | G62: =IF(I35="",0,1) -> 0 | H62: =IF(L35="Yes",1,0) -> #DIV/0! | I62: =COUNTIF(G35,"") -> 1 | J62: =COUNTIF(H35,"") -> 1
B63: =B36 -> Femur breadth | D63: =IF(G36=H36,1,0) -> 1 | E63: =IF(G36=I36,1,0) -> 1 | F63: =IF(H36=I36,1,0) -> 1 | G63: =IF(I36="",0,1) -> 0 | H63: =IF(L36="Yes",1,0) -> #DIV/0! | I63: =COUNTIF(G36,"") -> 1 | J63: =COUNTIF(H36,"") -> 1
D64: =SUM(D40:D63) -> 21 | E64: =SUM(E40:E63) -> 21 | F64: =SUM(F40:F63) -> 21 | G64: =SUM(G40:G63) -> 0 | H64: =SUM(H40:H63) -> #DIV/0! | I64: =SUM(I40:I63) -> 21 | J64: =SUM(J40:J63) -> 21
B67: =B13 -> Mass | G67: =+G13 -> 0 | H67: =+H13 -> 0 | I67: =+I13 -> 0 | J67: =ABS(G67-H67) -> 0 | K67: =ABS(I67-G67) -> 0 | L67: =ABS(H67-I67) -> 0 | M67: =IF(J67=MIN(J67:L67),G67,IF(K67=MIN(J67:L67),G67,H67)) -> 0 | N67: =IF(J67=MIN(J67:L67),H67,IF(K67=MIN(J67:L67),I67,I67)) -> 0
B68: =B14 -> Stature | G68: =+G14 -> 0 | H68: =+H14 -> 0 | I68: =+I14 -> 0 | J68: =ABS(G68-H68) -> 0 | K68: =ABS(I68-G68) -> 0 | L68: =ABS(H68-I68) -> 0 | M68: =IF(J68=MIN(J68:L68),G68,IF(K68=MIN(J68:L68),G68,H68)) -> 0 | N68: =IF(J68=MIN(J68:L68),H68,IF(K68=MIN(J68:L68),I68,I68)) -> 0
B69: =B15 -> Sitting height | G69: =+G15 -> 0 | H69: =+H15 -> 0 | I69: =+I15 -> 0 | J69: =ABS(G69-H69) -> 0 | K69: =ABS(I69-G69) -> 0 | L69: =ABS(H69-I69) -> 0 | M69: =IF(J69=MIN(J69:L69),G69,IF(K69=MIN(J69:L69),G69,H69)) -> 0 | N69: =IF(J69=MIN(J69:L69),H69,IF(K69=MIN(J69:L69),I69,I69)) -> 0
B70: =B16 -> Arm Span | G70: =+G16 -> 0 | H70: =+H16 -> 0 | I70: =+I16 -> 0 | J70: =ABS(G70-H70) -> 0 | K70: =ABS(I70-G70) -> 0 | L70: =ABS(H70-I70) -> 0 | M70: =IF(J70=MIN(J70:L70),G70,IF(K70=MIN(J70:L70),G70,H70)) -> 0 | N70: =IF(J70=MIN(J70:L70),H70,IF(K70=MIN(J70:L70),I70,I70)) -> 0
B71: =B17 -> Triceps sf | G71: =+G17 -> 0 | H71: =+H17 -> 0 | I71: =+I17 -> 0 | J71: =ABS(G71-H71) -> 0 | K71: =ABS(I71-G71) -> 0 | L71: =ABS(H71-I71) -> 0 | M71: =IF(J71=MIN(J71:L71),G71,IF(K71=MIN(J71:L71),G71,H71)) -> 0 | N71: =IF(J71=MIN(J71:L71),H71,IF(K71=MIN(J71:L71),I71,I71)) -> 0
B72: =B18 -> Subscapular sf | G72: =+G18 -> 0 | H72: =+H18 -> 0 | I72: =+I18 -> 0 | J72: =ABS(G72-H72) -> 0 | K72: =ABS(I72-G72) -> 0 | L72: =ABS(H72-I72) -> 0 | M72: =IF(J72=MIN(J72:L72),G72,IF(K72=MIN(J72:L72),G72,H72)) -> 0 | N72: =IF(J72=MIN(J72:L72),H72,IF(K72=MIN(J72:L72),I72,I72)) -> 0
B73: =B19 -> Biceps sf | G73: =+G19 -> 0 | H73: =+H19 -> 0 | I73: =+I19 -> 0 | J73: =ABS(G73-H73) -> 0 | K73: =ABS(I73-G73) -> 0 | L73: =ABS(H73-I73) -> 0 | M73: =IF(J73=MIN(J73:L73),G73,IF(K73=MIN(J73:L73),G73,H73)) -> 0 | N73: =IF(J73=MIN(J73:L73),H73,IF(K73=MIN(J73:L73),I73,I73)) -> 0
B74: =B20 -> Iliac crest sf | G74: =+G20 -> 0 | H74: =+H20 -> 0 | I74: =+I20 -> 0 | J74: =ABS(G74-H74) -> 0 | K74: =ABS(I74-G74) -> 0 | L74: =ABS(H74-I74) -> 0 | M74: =IF(J74=MIN(J74:L74),G74,IF(K74=MIN(J74:L74),G74,H74)) -> 0 | N74: =IF(J74=MIN(J74:L74),H74,IF(K74=MIN(J74:L74),I74,I74)) -> 0
B75: =B21 -> Supraspinale sf | G75: =+G21 -> 0 | H75: =+H21 -> 0 | I75: =+I21 -> 0 | J75: =ABS(G75-H75) -> 0 | K75: =ABS(I75-G75) -> 0 | L75: =ABS(H75-I75) -> 0 | M75: =IF(J75=MIN(J75:L75),G75,IF(K75=MIN(J75:L75),G75,H75)) -> 0 | N75: =IF(J75=MIN(J75:L75),H75,IF(K75=MIN(J75:L75),I75,I75)) -> 0
B76: =B22 -> Abdominal sf | G76: =+G22 -> 0 | H76: =+H22 -> 0 | I76: =+I22 -> 0 | J76: =ABS(G76-H76) -> 0 | K76: =ABS(I76-G76) -> 0 | L76: =ABS(H76-I76) -> 0 | M76: =IF(J76=MIN(J76:L76),G76,IF(K76=MIN(J76:L76),G76,H76)) -> 0 | N76: =IF(J76=MIN(J76:L76),H76,IF(K76=MIN(J76:L76),I76,I76)) -> 0
B77: =B23 -> Thigh sf | G77: =+G23 -> 0 | H77: =+H23 -> 0 | I77: =+I23 -> 0 | J77: =ABS(G77-H77) -> 0 | K77: =ABS(I77-G77) -> 0 | L77: =ABS(H77-I77) -> 0 | M77: =IF(J77=MIN(J77:L77),G77,IF(K77=MIN(J77:L77),G77,H77)) -> 0 | N77: =IF(J77=MIN(J77:L77),H77,IF(K77=MIN(J77:L77),I77,I77)) -> 0
B78: =B24 -> Calf sf | G78: =+G24 -> 0 | H78: =+H24 -> 0 | I78: =+I24 -> 0 | J78: =ABS(G78-H78) -> 0 | K78: =ABS(I78-G78) -> 0 | L78: =ABS(H78-I78) -> 0 | M78: =IF(J78=MIN(J78:L78),G78,IF(K78=MIN(J78:L78),G78,H78)) -> 0 | N78: =IF(J78=MIN(J78:L78),H78,IF(K78=MIN(J78:L78),I78,I78)) -> 0
B79: =B25 -> Arm girth relaxed | G79: =+G25 -> 0 | H79: =+H25 -> 0 | I79: =+I25 -> 0 | J79: =ABS(G79-H79) -> 0 | K79: =ABS(I79-G79) -> 0 | L79: =ABS(H79-I79) -> 0 | M79: =IF(J79=MIN(J79:L79),G79,IF(K79=MIN(J79:L79),G79,H79)) -> 0 | N79: =IF(J79=MIN(J79:L79),H79,IF(K79=MIN(J79:L79),I79,I79)) -> 0
B80: =B27 -> Arm girth flexed and tensed | G80: =+G27 -> 0 | H80: =+H27 -> 0 | I80: =+I27 -> 0 | J80: =ABS(G80-H80) -> 0 | K80: =ABS(I80-G80) -> 0 | L80: =ABS(H80-I80) -> 0 | M80: =IF(J80=MIN(J80:L80),G80,IF(K80=MIN(J80:L80),G80,H80)) -> 0 | N80: =IF(J80=MIN(J80:L80),H80,IF(K80=MIN(J80:L80),I80,I80)) -> 0
B81: =B28 -> Waist girth | G81: =+G28 -> 0 | H81: =+H28 -> 0 | I81: =+I28 -> 0 | J81: =ABS(G81-H81) -> 0 | K81: =ABS(I81-G81) -> 0 | L81: =ABS(H81-I81) -> 0 | M81: =IF(J81=MIN(J81:L81),G81,IF(K81=MIN(J81:L81),G81,H81)) -> 0 | N81: =IF(J81=MIN(J81:L81),H81,IF(K81=MIN(J81:L81),I81,I81)) -> 0
B82: =B29 -> Hips girth | G82: =+G29 -> 0 | H82: =+H29 -> 0 | I82: =+I29 -> 0 | J82: =ABS(G82-H82) -> 0 | K82: =ABS(I82-G82) -> 0 | L82: =ABS(H82-I82) -> 0 | M82: =IF(J82=MIN(J82:L82),G82,IF(K82=MIN(J82:L82),G82,H82)) -> 0 | N82: =IF(J82=MIN(J82:L82),H82,IF(K82=MIN(J82:L82),I82,I82)) -> 0
B83: =B30 -> Thigh middle girth | G83: =+G30 -> 0 | H83: =+H30 -> 0 | I83: =+I30 -> 0 | J83: =ABS(G83-H83) -> 0 | K83: =ABS(I83-G83) -> 0 | L83: =ABS(H83-I83) -> 0 | M83: =IF(J83=MIN(J83:L83),G83,IF(K83=MIN(J83:L83),G83,H83)) -> 0 | N83: =IF(J83=MIN(J83:L83),H83,IF(K83=MIN(J83:L83),I83,I83)) -> 0
B84: =B32 -> Calf girth | G84: =+G32 -> 0 | H84: =+H32 -> 0 | I84: =+I32 -> 0 | J84: =ABS(G84-H84) -> 0 | K84: =ABS(I84-G84) -> 0 | L84: =ABS(H84-I84) -> 0 | M84: =IF(J84=MIN(J84:L84),G84,IF(K84=MIN(J84:L84),G84,H84)) -> 0 | N84: =IF(J84=MIN(J84:L84),H84,IF(K84=MIN(J84:L84),I84,I84)) -> 0
B85: =B34 -> Humerus breadth | G85: =+G34 -> 0 | H85: =+H34 -> 0 | I85: =+I34 -> 0 | J85: =ABS(G85-H85) -> 0 | K85: =ABS(I85-G85) -> 0 | L85: =ABS(H85-I85) -> 0 | M85: =IF(J85=MIN(J85:L85),G85,IF(K85=MIN(J85:L85),G85,H85)) -> 0 | N85: =IF(J85=MIN(J85:L85),H85,IF(K85=MIN(J85:L85),I85,I85)) -> 0
B86: =B35 -> Bi-styloid breadth | G86: =+G35 -> 0 | H86: =+H35 -> 0 | I86: =+I35 -> 0 | J86: =ABS(G86-H86) -> 0 | K86: =ABS(I86-G86) -> 0 | L86: =ABS(H86-I86) -> 0 | M86: =IF(J86=MIN(J86:L86),G86,IF(K86=MIN(J86:L86),G86,H86)) -> 0 | N86: =IF(J86=MIN(J86:L86),H86,IF(K86=MIN(J86:L86),I86,I86)) -> 0
B87: =B36 -> Femur breadth | G87: =+G36 -> 0 | H87: =+H36 -> 0 | I87: =+I36 -> 0 | J87: =ABS(G87-H87) -> 0 | K87: =ABS(I87-G87) -> 0 | L87: =ABS(H87-I87) -> 0 | M87: =IF(J87=MIN(J87:L87),G87,IF(K87=MIN(J87:L87),G87,H87)) -> 0 | N87: =IF(J87=MIN(J87:L87),H87,IF(K87=MIN(J87:L87),I87,I87)) -> 0

Sheet 5
B2: =IF(Info!D34,"ISAK RESTRICTED PROFORMA","PROFORMA PERFIL RESTRINGIDO ISAK") -> ISAK RESTRICTED PROFORMA | R2: =IF(Info!D34,"ISAK PROFORMA PRINTOUT","INFORME PROFORMA ISAK") -> ISAK PROFORMA PRINTOUT
B4: =IF(Info!D34,"Name","Nombre") -> Name | R4: =+B4 -> Name | U4: =+G4 -> 0
B5: =IF(Info!D34,"Surname","Apellidos") -> Surname | R5: =+B5 -> Surname | U5: =+G5 -> 0
B6: =IF(Info!D34,"Country","País") -> Country | R6: =+B6 -> Country | U6: =+G6 -> 0
B7: =IF(Info!D34,"Ethnicity (Asian=1; African-American=2; Caucasian=3)","Raza (asiático=1; afro-americano=2; caucásico=3)") -> Ethnicity (Asian=1; African-American=2; Caucasian=3) | R7: =+B7 -> Ethnicity (Asian=1; African-American=2; Caucasian=3) | U7: =+G7 -> 0
B8: =IF(Info!D34,"Sex (male=1, female=2)","Sexo (hombre=1, mujer=2)") -> Sex (male=1, female=2) | R8: =+B8 -> Sex (male=1, female=2) | U8: =+G8 -> 0
B9: =IF(Info!D34,"Sport","Deporte") -> Sport | R9: =+B9 -> Sport | U9: =+G9 -> 0
B10: =IF(Info!D34,"Date of Measurement","Fecha de la valoración") -> Date of Measurement | R10: =+B10 -> Date of Measurement | U10: =+G10 -> 0
B11: =IF(Info!D34,"Date of Birth","Fecha de nacimiento") -> Date of Birth | K11: =IF(Info!D34,"3rd measure?","¿3ª medida?") -> 3rd measure? | N11: =IF(Info!D34,"Mean or Median","Media o Mediana") -> Mean or Median | R11: =+B11 -> Date of Birth | U11: =+G11 -> 0
B12: =IF(Info!D34,"Measure","Medida") -> Measure | G12: 1 | H12: 2 | I12: 3 | U12: =IF(Info!D34,"Value", "Valor") -> Value | W12: =IF(Info!D34,"Phantom Z-value","Valor Z del Phantom") -> Phantom Z-value
B13: =IF(Info!D34,"Mass","Masa corporal") -> Mass | K13: =+(H13-G13)/(AVERAGE(G13:H13)) -> #DIV/0! | L13: =IF(ABS(K13)>1%,"Yes","No") -> #DIV/0! | N13: =IF(I13=0,AVERAGE(G13,H13),MEDIAN(G13,H13,I13)) -> #DIV/0! | R13: =+B13 -> Mass | U13: =+N13 -> #DIV/0! | V13: kg | W13: =1/8.6*(+U13*((170.18/U$14)^3)-64.58) -> #DIV/0!
B14: =IF(Info!D34,"Stature","Talla") -> Stature | K14: =+(H14-G14)/(AVERAGE(G14:H14)) -> #DIV/0! | L14: =IF(ABS(K14)>1%,"Yes","No") -> #DIV/0! | N14: =IF(I14=0,AVERAGE(G14,H14),MEDIAN(G14,H14,I14)) -> #DIV/0! | R14: =+B14 -> Stature | U14: =+N14 -> #DIV/0! | V14: cm
B15: =IF(Info!D34,"Sitting height","Talla sentado") -> Sitting height | K15: =+(H15-G15)/(AVERAGE(G15:H15)) -> #DIV/0! | L15: =IF(ABS(K15)>1%,"Yes","No") -> #DIV/0! | N15: =IF(I15=0,AVERAGE(G15,H15),MEDIAN(G15,H15,I15)) -> #DIV/0! | R15: =+B15 -> Sitting height | U15: =+N15 -> #DIV/0! | V15: cm | W15: =1/4.5*(+U15*((170.18/U$14)^1)-89.92) -> #DIV/0!
B16: =IF(Info!D34,"Arm Span","Envergadura de brazos") -> Arm Span | K16: =+(H16-G16)/(AVERAGE(G16:H16)) -> #DIV/0! | L16: =IF(ABS(K16)>1%,"Yes","No") -> #DIV/0! | N16: =IF(I16=0,AVERAGE(G16,H16),MEDIAN(G16,H16,I16)) -> #DIV/0! | R16: =+B16 -> Arm Span | U16: =+N16 -> #DIV/0! | V16: cm | W16: =1/7.41*(+U16*((170.18/U$14)^1)-172.35) -> #DIV/0!
B17: =IF(Info!D34,"Triceps sf","PL Tríceps") -> Triceps sf | K17: =+(H17-G17)/(AVERAGE(G17:H17)) -> #DIV/0! | L17: =IF(ABS(K17)>5%,"Yes","No") -> #DIV/0! | N17: =IF(I17=0,AVERAGE(G17,H17),MEDIAN(G17,H17,I17)) -> #DIV/0! | R17: =+B17 -> Triceps sf | U17: =+N17 -> #DIV/0! | V17: mm | W17: =1/4.47*(+U17*((170.18/U$14)^1)-15.4) -> #DIV/0!
B18: =IF(Info!D34,"Subscapular sf","PL Subescapular") -> Subscapular sf | K18: =+(H18-G18)/(AVERAGE(G18:H18)) -> #DIV/0! | L18: =IF(ABS(K18)>5%,"Yes","No") -> #DIV/0! | N18: =IF(I18=0,AVERAGE(G18,H18),MEDIAN(G18,H18,I18)) -> #DIV/0! | R18: =+B18 -> Subscapular sf | U18: =+N18 -> #DIV/0! | V18: mm | W18: =1/5.07*(+U18*((170.18/U$14)^1)-17.2) -> #DIV/0!
B19: =IF(Info!D34,"Biceps sf","PL Bíceps") -> Biceps sf | K19: =+(H19-G19)/(AVERAGE(G19:H19)) -> #DIV/0! | L19: =IF(ABS(K19)>5%,"Yes","No") -> #DIV/0! | N19: =IF(I19=0,AVERAGE(G19,H19),MEDIAN(G19,H19,I19)) -> #DIV/0! | R19: =+B19 -> Biceps sf | U19: =+N19 -> #DIV/0! | V19: mm | W19: =1/2*(+U19*((170.18/U$14)^1)-8) -> #DIV/0!
B20: =IF(Info!D34,"Iliac crest sf","PL Cresta Iliaca") -> Iliac crest sf | K20: =+(H20-G20)/(AVERAGE(G20:H20)) -> #DIV/0! | L20: =IF(ABS(K20)>5%,"Yes","No") -> #DIV/0! | N20: =IF(I20=0,AVERAGE(G20,H20),MEDIAN(G20,H20,I20)) -> #DIV/0! | R20: =+B20 -> Iliac crest sf | U20: =+N20 -> #DIV/0! | V20: mm | W20: =1/6.8*(+U20*((170.18/U$14)^1)-22.4) -> #DIV/0!
B21: =IF(Info!D34,"Supraspinale sf","PL Supraespinal") -> Supraspinale sf | K21: =+(H21-G21)/(AVERAGE(G21:H21)) -> #DIV/0! | L21: =IF(ABS(K21)>5%,"Yes","No") -> #DIV/0! | N21: =IF(I21=0,AVERAGE(G21,H21),MEDIAN(G21,H21,I21)) -> #DIV/0! | R21: =+B21 -> Supraspinale sf | U21: =+N21 -> #DIV/0! | V21: mm | W21: =1/4.47*(+U21*((170.18/U$14)^1)-15.4) -> #DIV/0!
B22: =IF(Info!D34,"Abdominal sf","PL Abdominal") -> Abdominal sf | K22: =+(H22-G22)/(AVERAGE(G22:H22)) -> #DIV/0! | L22: =IF(ABS(K22)>5%,"Yes","No") -> #DIV/0! | N22: =IF(I22=0,AVERAGE(G22,H22),MEDIAN(G22,H22,I22)) -> #DIV/0! | R22: =+B22 -> Abdominal sf | U22: =+N22 -> #DIV/0! | V22: mm | W22: =1/7.78*(+U22*((170.18/U$14)^1)-25.4) -> #DIV/0!
B23: =IF(Info!D34,"Thigh sf","PL Muslo") -> Thigh sf | K23: =+(H23-G23)/(AVERAGE(G23:H23)) -> #DIV/0! | L23: =IF(ABS(K23)>5%,"Yes","No") -> #DIV/0! | N23: =IF(I23=0,AVERAGE(G23,H23),MEDIAN(G23,H23,I23)) -> #DIV/0! | R23: =+B23 -> Thigh sf | U23: =+N23 -> #DIV/0! | V23: mm | W23: =1/8.33*(+U23*((170.18/U$14)^1)-27) -> #DIV/0!
B24: =IF(Info!D34,"Calf sf","PL Pierna") -> Calf sf | K24: =+(H24-G24)/(AVERAGE(G24:H24)) -> #DIV/0! | L24: =IF(ABS(K24)>5%,"Yes","No") -> #DIV/0! | N24: =IF(I24=0,AVERAGE(G24,H24),MEDIAN(G24,H24,I24)) -> #DIV/0! | R24: =+B24 -> Calf sf | U24: =+N24 -> #DIV/0! | V24: mm | W24: =1/4.67*(+U24*((170.18/U$14)^1)-16) -> #DIV/0!
B25: =IF(Info!D34,"Arm girth relaxed","PR Brazo relajado") -> Arm girth relaxed | K25: =+(H25-G25)/(AVERAGE(G25:H25)) -> #DIV/0! | L25: =IF(ABS(K25)>1%,"Yes","No") -> #DIV/0! | N25: =IF(I25=0,AVERAGE(G25,H25),MEDIAN(G25,H25,I25)) -> #DIV/0! | R25: =+B25 -> Arm girth relaxed | U25: =+N25 -> #DIV/0! | V25: cm | W25: =1/2.33*(+U25*((170.18/U$14)^1)-26.89) -> #DIV/0!
B26: =IF(Info!D34,"Corrected arm girth","PR Brazo corregido") -> Corrected arm girth | R26: =+B26 -> Corrected arm girth | U26: =+U25-(PI()*U17/10) -> #DIV/0! | V26: cm | W26: =1/1.91*(+U26*((170.18/U$14)^1)-22.05) -> #DIV/0!
B27: =IF(Info!D34,"Arm girth flexed and tensed","PR Brazo flexionado y contraído") -> Arm girth flexed and tensed | K27: =+(H27-G27)/(AVERAGE(G27:H27)) -> #DIV/0! | L27: =IF(ABS(K27)>1%,"Yes","No") -> #DIV/0! | N27: =IF(I27=0,AVERAGE(G27,H27),MEDIAN(G27,H27,I27)) -> #DIV/0! | R27: =+B27 -> Arm girth flexed and tensed | U27: =+N27 -> #DIV/0! | V27: cm | W27: =1/2.37*(+U27*((170.18/U$14)^1)-29.41) -> #DIV/0!
B28: =IF(Info!D34,"Waist girth","PR Cintura") -> Waist girth | K28: =+(H28-G28)/(AVERAGE(G28:H28)) -> #DIV/0! | L28: =IF(ABS(K28)>1%,"Yes","No") -> #DIV/0! | N28: =IF(I28=0,AVERAGE(G28,H28),MEDIAN(G28,H28,I28)) -> #DIV/0! | R28: =+B28 -> Waist girth | U28: =+N28 -> #DIV/0! | V28: cm | W28: =1/4.45*(+U28*((170.18/U$14)^1)-71.91) -> #DIV/0!
B29: =IF(Info!D34,"Hips girth","PR Caderas") -> Hips girth | K29: =+(H29-G29)/(AVERAGE(G29:H29)) -> #DIV/0! | L29: =IF(ABS(K29)>1%,"Yes","No") -> #DIV/0! | N29: =IF(I29=0,AVERAGE(G29,H29),MEDIAN(G29,H29,I29)) -> #DIV/0! | R29: =+B29 -> Hips girth | U29: =+N29 -> #DIV/0! | V29: cm | W29: =1/5.58*(+U29*((170.18/U$14)^1)-94.67) -> #DIV/0!
B30: =IF(Info!D34,"Thigh middle girth","PR Muslo medio") -> Thigh middle girth | K30: =+(H30-G30)/(AVERAGE(G30:H30)) -> #DIV/0! | L30: =IF(ABS(K30)>1%,"Yes","No") -> #DIV/0! | N30: =IF(I30=0,AVERAGE(G30,H30),MEDIAN(G30,H30,I30)) -> #DIV/0! | R30: =+B30 -> Thigh middle girth | U30: =+N30 -> #DIV/0! | V30: cm | W30: =1/4.56*(+U30*((170.18/U$14)^1)-53.2) -> #DIV/0!
B31: =IF(Info!D34,"Corrected thigh girth","PR Muslo corregido") -> Corrected thigh girth | R31: =+B31 -> Corrected thigh girth | U31: =+U30-(PI()*U23/10) -> #DIV/0! | V31: cm | W31: =1/3.59*(+U31*((170.18/U$14)^1)-47.34) -> #DIV/0!
B32: =IF(Info!D34,"Calf girth","PR Pierna") -> Calf girth | K32: =+(H32-G32)/(AVERAGE(G32:H32)) -> #DIV/0! | L32: =IF(ABS(K32)>1%,"Yes","No") -> #DIV/0! | N32: =IF(I32=0,AVERAGE(G32,H32),MEDIAN(G32,H32,I32)) -> #DIV/0! | R32: =+B32 -> Calf girth | U32: =+N32 -> #DIV/0! | V32: cm | W32: =1/2.3*(+U32*((170.18/U$14)^1)-35.25) -> #DIV/0!
B33: =IF(Info!D34,"Corrected calf girth","PR Pierna corregido") -> Corrected calf girth | R33: =+B33 -> Corrected calf girth | U33: =+U32-(PI()*U24/10) -> #DIV/0! | V33: cm | W33: =1/1.97*(+U33*((170.18/U$14)^1)-30.22) -> #DIV/0!
B34: =IF(Info!D34,"Humerus breadth","D Húmero") -> Humerus breadth | K34: =+(H34-G34)/(AVERAGE(G34:H34)) -> #DIV/0! | L34: =IF(ABS(K34)>1%,"Yes","No") -> #DIV/0! | N34: =IF(I34=0,AVERAGE(G34,H34),MEDIAN(G34,H34,I34)) -> #DIV/0! | R34: =+B34 -> Humerus breadth | U34: =+N34 -> #DIV/0! | V34: cm | W34: =1/0.35*(+U34*((170.18/U$14)^1)-6.48) -> #DIV/0!
B35: =IF(Info!D34,"Bi-styloid breadth","D Biestiloideo") -> Bi-styloid breadth | K35: =+(H35-G35)/(AVERAGE(G35:H35)) -> #DIV/0! | L35: =IF(ABS(K35)>1%,"Yes","No") -> #DIV/0! | N35: =IF(I35=0,AVERAGE(G35,H35),MEDIAN(G35,H35,I35)) -> #DIV/0! | R35: =+B35 -> Bi-styloid breadth | U35: =+N35 -> #DIV/0! | V35: cm | W35: =1/0.28*(+U35*((170.18/U$14)^1)-5.21) -> #DIV/0!
B36: =IF(Info!D34,"Femur breadth","D Fémur") -> Femur breadth | K36: =+(H36-G36)/(AVERAGE(G36:H36)) -> #DIV/0! | L36: =IF(ABS(K36)>1%,"Yes","No") -> #DIV/0! | N36: =IF(I36=0,AVERAGE(G36,H36),MEDIAN(G36,H36,I36)) -> #DIV/0! | R36: =+B36 -> Femur breadth | U36: =+N36 -> #DIV/0! | V36: cm | W36: =1/0.48*(+U36*((170.18/U$14)^1)-9.52) -> #DIV/0!
D39: 1ª Vs 2ª | E39: 1ªVs 3ª | F39: 2ª Vs 3ª | G39: =IF(Info!D34,"3rd measure taken?","¿3ª medida tomada?") -> 3rd measure taken? | H39: =IF(Info!D34,"3rd measure requested?","¿3ª medida solicitada?") -> 3rd measure requested? | I39: =IF(Info!D34,"He/she has not done 1st measure","No se ha realizado la 1ª medición") -> He/she has not done 1st measure | J39: =IF(Info!E34,"He/she has not done 2nd measure","No se ha realizado la 2ª medición") -> No se ha realizado la 2ª medición
B40: =B13 -> Mass | D40: =IF(G13=H13,1,0) -> 1 | E40: =IF(G13=I13,1,0) -> 1 | F40: =IF(H13=I13,1,0) -> 1 | G40: =IF(I13="",0,1) -> 0 | H40: =IF(L13="Yes",1,0) -> #DIV/0! | I40: =COUNTIF(G13,"") -> 1 | J40: =COUNTIF(H13,"") -> 1 | S40: ='3'!S40 -> Somatotype | T40: =IF(Info!D34,"Endomorphy","Endomorfia") -> Endomorphy | U40: =-0.7182+0.1451*((U17+U18+U21)*(170.18/U14))-0.00068*(((U17+U18+U21)*(170.18/U14))^2)+0.0000014*(((U17+U18+U21)*(170.18/U14))^3) -> #DIV/0!
B41: =B14 -> Stature | D41: =IF(G14=H14,1,0) -> 1 | E41: =IF(G14=I14,1,0) -> 1 | F41: =IF(H14=I14,1,0) -> 1 | G41: =IF(I14="",0,1) -> 0 | H41: =IF(L14="Yes",1,0) -> #DIV/0! | I41: =COUNTIF(G14,"") -> 1 | J41: =COUNTIF(H14,"") -> 1 | S41: ='3'!S41 -> (Heath-Carter) | T41: =IF(Info!D34,"Mesomorphy","Mesomorfia") -> Mesomorphy | U41: =(0.858*U34)+(0.601*U36)+(0.188*(U27-(U17/10)))+(0.161*(U32-(U24/10)))-(0.131*U14)+4.5 -> #DIV/0!
B42: =B15 -> Sitting height | D42: =IF(G15=H15,1,0) -> 1 | E42: =IF(G15=I15,1,0) -> 1 | F42: =IF(H15=I15,1,0) -> 1 | G42: =IF(I15="",0,1) -> 0 | H42: =IF(L15="Yes",1,0) -> #DIV/0! | I42: =COUNTIF(G15,"") -> 1 | J42: =COUNTIF(H15,"") -> 1 | T42: =IF(Info!D34,"Ectomorphy","Ectomorfia") -> Ectomorphy | U42: =IF(V42>40.75,((0.732*V42)-28.58),IF(V42>38.28,((0.463*V42)-17.63),0.1)) -> #DIV/0! | V42: =U14/(U13^(1/3)) -> #DIV/0!
B43: =B16 -> Arm Span | D43: =IF(G16=H16,1,0) -> 1 | E43: =IF(G16=I16,1,0) -> 1 | F43: =IF(H16=I16,1,0) -> 1 | G43: =IF(I16="",0,1) -> 0 | H43: =IF(L16="Yes",1,0) -> #DIV/0! | I43: =COUNTIF(G16,"") -> 1 | J43: =COUNTIF(H16,"") -> 1
B44: =B17 -> Triceps sf | D44: =IF(G17=H17,1,0) -> 1 | E44: =IF(G17=I17,1,0) -> 1 | F44: =IF(H17=I17,1,0) -> 1 | G44: =IF(I17="",0,1) -> 0 | H44: =IF(L17="Yes",1,0) -> #DIV/0! | I44: =COUNTIF(G17,"") -> 1 | J44: =COUNTIF(H17,"") -> 1 | S44: ='3'!S44 -> Body Mass Index (MBI) | U44: =+U13/(U14/100)^2 -> #DIV/0! | V44: ='3'!V44 -> kg/m2
B45: =B18 -> Subscapular sf | D45: =IF(G18=H18,1,0) -> 1 | E45: =IF(G18=I18,1,0) -> 1 | F45: =IF(H18=I18,1,0) -> 1 | G45: =IF(I18="",0,1) -> 0 | H45: =IF(L18="Yes",1,0) -> #DIV/0! | I45: =COUNTIF(G18,"") -> 1 | J45: =COUNTIF(H18,"") -> 1
B46: =B19 -> Biceps sf | D46: =IF(G19=H19,1,0) -> 1 | E46: =IF(G19=I19,1,0) -> 1 | F46: =IF(H19=I19,1,0) -> 1 | G46: =IF(I19="",0,1) -> 0 | H46: =IF(L19="Yes",1,0) -> #DIV/0! | I46: =COUNTIF(G19,"") -> 1 | J46: =COUNTIF(H19,"") -> 1 | S46: ='3'!S46 -> Waist/Hip ratio | U46: =+U28/U29 -> #DIV/0!
B47: =B20 -> Iliac crest sf | D47: =IF(G20=H20,1,0) -> 1 | E47: =IF(G20=I20,1,0) -> 1 | F47: =IF(H20=I20,1,0) -> 1 | G47: =IF(I20="",0,1) -> 0 | H47: =IF(L20="Yes",1,0) -> #DIV/0! | I47: =COUNTIF(G20,"") -> 1 | J47: =COUNTIF(H20,"") -> 1
B48: =B21 -> Supraspinale sf | D48: =IF(G21=H21,1,0) -> 1 | E48: =IF(G21=I21,1,0) -> 1 | F48: =IF(H21=I21,1,0) -> 1 | G48: =IF(I21="",0,1) -> 0 | H48: =IF(L21="Yes",1,0) -> #DIV/0! | I48: =COUNTIF(G21,"") -> 1 | J48: =COUNTIF(H21,"") -> 1 | S48: ='3'!S48 -> Sum of 6 skinfolds | U48: =SUM(U17:U18,U21:U24) -> #DIV/0! | V48: ='3'!V48 -> mm
B49: =B22 -> Abdominal sf | D49: =IF(G22=H22,1,0) -> 1 | E49: =IF(G22=I22,1,0) -> 1 | F49: =IF(H22=I22,1,0) -> 1 | G49: =IF(I22="",0,1) -> 0 | H49: =IF(L22="Yes",1,0) -> #DIV/0! | I49: =COUNTIF(G22,"") -> 1 | J49: =COUNTIF(H22,"") -> 1 | S49: ='3'!S49 -> Sum of 8 skinfolds | U49: =SUM(U17:U24) -> #DIV/0! | V49: ='3'!V49 -> mm
B50: =B23 -> Thigh sf | D50: =IF(G23=H23,1,0) -> 1 | E50: =IF(G23=I23,1,0) -> 1 | F50: =IF(H23=I23,1,0) -> 1 | G50: =IF(I23="",0,1) -> 0 | H50: =IF(L23="Yes",1,0) -> #DIV/0! | I50: =COUNTIF(G23,"") -> 1 | J50: =COUNTIF(H23,"") -> 1
B51: =B24 -> Calf sf | D51: =IF(G24=H24,1,0) -> 1 | E51: =IF(G24=I24,1,0) -> 1 | F51: =IF(H24=I24,1,0) -> 1 | G51: =IF(I24="",0,1) -> 0 | H51: =IF(L24="Yes",1,0) -> #DIV/0! | I51: =COUNTIF(G24,"") -> 1 | J51: =COUNTIF(H24,"") -> 1 | S51: ='3'!S51 -> Fat percentage | U51: =IF(U8=1,0.735*(U17+U24)+1,0.61*(U17+U24)+5.1) -> #DIV/0! | V51: ='3'!V51 -> (Slaughter)
B52: =B25 -> Arm girth relaxed | D52: =IF(G25=H25,1,0) -> 1 | E52: =IF(G25=I25,1,0) -> 1 | F52: =IF(H25=I25,1,0) -> 1 | G52: =IF(I25="",0,1) -> 0 | H52: =IF(L25="Yes",1,0) -> #DIV/0! | I52: =COUNTIF(G25,"") -> 1 | J52: =COUNTIF(H25,"") -> 1 | U52: =IF(U8=1,0.153*(U17+U18+U21+U22)+5.783,0.213*(U17+U18+U21+U22)+7.9) -> #DIV/0! | V52: ='3'!V52 -> (Faulkner, from Yuhasz)
U53: =IF(U8=1,0.1051*(U48)+2.58,0.1548*(U48)+3.58) -> #DIV/0! | V53: ='3'!V53 -> (Carter, from Yuhasz)
B54: =B27 -> Arm girth flexed and tensed | D54: =IF(G27=H27,1,0) -> 1 | E54: =IF(G27=I27,1,0) -> 1 | F54: =IF(H27=I27,1,0) -> 1 | G54: =IF(I27="",0,1) -> 0 | H54: =IF(L27="Yes",1,0) -> #DIV/0! | I54: =COUNTIF(G27,"") -> 1 | J54: =COUNTIF(H27,"") -> 1 | S54: ='3'!S54 -> Muscle percentage | U54: =(U14/100*(0.00744*U26^2+0.00088*U31^2+0.00441*U33^2)+(2.4*(IF(U8=1,1,0)))-0.048*((U10-U11)/365.25)+IF(U7="1",-2,IF(U7="2",1.1,0))+7.8)*100/U13 -> #DIV/0! | V54: ='3'!V54 -> (Lee)
B55: =B28 -> Waist girth | D55: =IF(G28=H28,1,0) -> 1 | E55: =IF(G28=I28,1,0) -> 1 | F55: =IF(H28=I28,1,0) -> 1 | G55: =IF(I28="",0,1) -> 0 | H55: =IF(L28="Yes",1,0) -> #DIV/0! | I55: =COUNTIF(G28,"") -> 1 | J55: =COUNTIF(H28,"") -> 1 | L55: =COUNTIF(L13:L36,"yes") -> 0 | U55: =(U14/100*((0.0064*(U26^2))+(0.0032*(U31^2))+(0.0015*(U33^2)))+(2.56*IF(U8=1,1,0))+(0.136*(U10-U11)/365.25))*100/U13 -> #DIV/0! | V55: ='3'!V55 -> (Poortmans)
B56: =B29 -> Hips girth | D56: =IF(G29=H29,1,0) -> 1 | E56: =IF(G29=I29,1,0) -> 1 | F56: =IF(H29=I29,1,0) -> 1 | G56: =IF(I29="",0,1) -> 0 | H56: =IF(L29="Yes",1,0) -> #DIV/0! | I56: =COUNTIF(G29,"") -> 1 | J56: =COUNTIF(H29,"") -> 1 | S56: ='3'!S56 -> Bone percentage | U56: =(3.02*(((U14/100)^2)*(U35/100)*(U36/100)*400)^0.712)*100/U13 -> #DIV/0! | V56: ='3'!V56 -> (Rocha)
B57: =B30 -> Thigh middle girth | D57: =IF(G30=H30,1,0) -> 1 | E57: =IF(G30=I30,1,0) -> 1 | F57: =IF(H30=I30,1,0) -> 1 | G57: =IF(I30="",0,1) -> 0 | H57: =IF(L30="Yes",1,0) -> #DIV/0! | I57: =COUNTIF(G30,"") -> 1 | J57: =COUNTIF(H30,"") -> 1
B59: =B32 -> Calf girth | D59: =IF(G32=H32,1,0) -> 1 | E59: =IF(G32=I32,1,0) -> 1 | F59: =IF(H32=I32,1,0) -> 1 | G59: =IF(I32="",0,1) -> 0 | H59: =IF(L32="Yes",1,0) -> #DIV/0! | I59: =COUNTIF(G32,"") -> 1 | J59: =COUNTIF(H32,"") -> 1
B61: =B34 -> Humerus breadth | D61: =IF(G34=H34,1,0) -> 1 | E61: =IF(G34=I34,1,0) -> 1 | F61: =IF(H34=I34,1,0) -> 1 | G61: =IF(I34="",0,1) -> 0 | H61: =IF(L34="Yes",1,0) -> #DIV/0! | I61: =COUNTIF(G34,"") -> 1 | J61: =COUNTIF(H34,"") -> 1
B62: =B35 -> Bi-styloid breadth | D62: =IF(G35=H35,1,0) -> 1 | E62: =IF(G35=I35,1,0) -> 1 | F62: =IF(H35=I35,1,0) -> 1 | G62: =IF(I35="",0,1) -> 0 | H62: =IF(L35="Yes",1,0) -> #DIV/0! | I62: =COUNTIF(G35,"") -> 1 | J62: =COUNTIF(H35,"") -> 1
B63: =B36 -> Femur breadth | D63: =IF(G36=H36,1,0) -> 1 | E63: =IF(G36=I36,1,0) -> 1 | F63: =IF(H36=I36,1,0) -> 1 | G63: =IF(I36="",0,1) -> 0 | H63: =IF(L36="Yes",1,0) -> #DIV/0! | I63: =COUNTIF(G36,"") -> 1 | J63: =COUNTIF(H36,"") -> 1
D64: =SUM(D40:D63) -> 21 | E64: =SUM(E40:E63) -> 21 | F64: =SUM(F40:F63) -> 21 | G64: =SUM(G40:G63) -> 0 | H64: =SUM(H40:H63) -> #DIV/0! | I64: =SUM(I40:I63) -> 21 | J64: =SUM(J40:J63) -> 21
B67: =B13 -> Mass | G67: =+G13 -> 0 | H67: =+H13 -> 0 | I67: =+I13 -> 0 | J67: =ABS(G67-H67) -> 0 | K67: =ABS(I67-G67) -> 0 | L67: =ABS(H67-I67) -> 0 | M67: =IF(J67=MIN(J67:L67),G67,IF(K67=MIN(J67:L67),G67,H67)) -> 0 | N67: =IF(J67=MIN(J67:L67),H67,IF(K67=MIN(J67:L67),I67,I67)) -> 0
B68: =B14 -> Stature | G68: =+G14 -> 0 | H68: =+H14 -> 0 | I68: =+I14 -> 0 | J68: =ABS(G68-H68) -> 0 | K68: =ABS(I68-G68) -> 0 | L68: =ABS(H68-I68) -> 0 | M68: =IF(J68=MIN(J68:L68),G68,IF(K68=MIN(J68:L68),G68,H68)) -> 0 | N68: =IF(J68=MIN(J68:L68),H68,IF(K68=MIN(J68:L68),I68,I68)) -> 0
B69: =B15 -> Sitting height | G69: =+G15 -> 0 | H69: =+H15 -> 0 | I69: =+I15 -> 0 | J69: =ABS(G69-H69) -> 0 | K69: =ABS(I69-G69) -> 0 | L69: =ABS(H69-I69) -> 0 | M69: =IF(J69=MIN(J69:L69),G69,IF(K69=MIN(J69:L69),G69,H69)) -> 0 | N69: =IF(J69=MIN(J69:L69),H69,IF(K69=MIN(J69:L69),I69,I69)) -> 0
B70: =B16 -> Arm Span | G70: =+G16 -> 0 | H70: =+H16 -> 0 | I70: =+I16 -> 0 | J70: =ABS(G70-H70) -> 0 | K70: =ABS(I70-G70) -> 0 | L70: =ABS(H70-I70) -> 0 | M70: =IF(J70=MIN(J70:L70),G70,IF(K70=MIN(J70:L70),G70,H70)) -> 0 | N70: =IF(J70=MIN(J70:L70),H70,IF(K70=MIN(J70:L70),I70,I70)) -> 0
B71: =B17 -> Triceps sf | G71: =+G17 -> 0 | H71: =+H17 -> 0 | I71: =+I17 -> 0 | J71: =ABS(G71-H71) -> 0 | K71: =ABS(I71-G71) -> 0 | L71: =ABS(H71-I71) -> 0 | M71: =IF(J71=MIN(J71:L71),G71,IF(K71=MIN(J71:L71),G71,H71)) -> 0 | N71: =IF(J71=MIN(J71:L71),H71,IF(K71=MIN(J71:L71),I71,I71)) -> 0
B72: =B18 -> Subscapular sf | G72: =+G18 -> 0 | H72: =+H18 -> 0 | I72: =+I18 -> 0 | J72: =ABS(G72-H72) -> 0 | K72: =ABS(I72-G72) -> 0 | L72: =ABS(H72-I72) -> 0 | M72: =IF(J72=MIN(J72:L72),G72,IF(K72=MIN(J72:L72),G72,H72)) -> 0 | N72: =IF(J72=MIN(J72:L72),H72,IF(K72=MIN(J72:L72),I72,I72)) -> 0
B73: =B19 -> Biceps sf | G73: =+G19 -> 0 | H73: =+H19 -> 0 | I73: =+I19 -> 0 | J73: =ABS(G73-H73) -> 0 | K73: =ABS(I73-G73) -> 0 | L73: =ABS(H73-I73) -> 0 | M73: =IF(J73=MIN(J73:L73),G73,IF(K73=MIN(J73:L73),G73,H73)) -> 0 | N73: =IF(J73=MIN(J73:L73),H73,IF(K73=MIN(J73:L73),I73,I73)) -> 0
B74: =B20 -> Iliac crest sf | G74: =+G20 -> 0 | H74: =+H20 -> 0 | I74: =+I20 -> 0 | J74: =ABS(G74-H74) -> 0 | K74: =ABS(I74-G74) -> 0 | L74: =ABS(H74-I74) -> 0 | M74: =IF(J74=MIN(J74:L74),G74,IF(K74=MIN(J74:L74),G74,H74)) -> 0 | N74: =IF(J74=MIN(J74:L74),H74,IF(K74=MIN(J74:L74),I74,I74)) -> 0
B75: =B21 -> Supraspinale sf | G75: =+G21 -> 0 | H75: =+H21 -> 0 | I75: =+I21 -> 0 | J75: =ABS(G75-H75) -> 0 | K75: =ABS(I75-G75) -> 0 | L75: =ABS(H75-I75) -> 0 | M75: =IF(J75=MIN(J75:L75),G75,IF(K75=MIN(J75:L75),G75,H75)) -> 0 | N75: =IF(J75=MIN(J75:L75),H75,IF(K75=MIN(J75:L75),I75,I75)) -> 0
B76: =B22 -> Abdominal sf | G76: =+G22 -> 0 | H76: =+H22 -> 0 | I76: =+I22 -> 0 | J76: =ABS(G76-H76) -> 0 | K76: =ABS(I76-G76) -> 0 | L76: =ABS(H76-I76) -> 0 | M76: =IF(J76=MIN(J76:L76),G76,IF(K76=MIN(J76:L76),G76,H76)) -> 0 | N76: =IF(J76=MIN(J76:L76),H76,IF(K76=MIN(J76:L76),I76,I76)) -> 0
B77: =B23 -> Thigh sf | G77: =+G23 -> 0 | H77: =+H23 -> 0 | I77: =+I23 -> 0 | J77: =ABS(G77-H77) -> 0 | K77: =ABS(I77-G77) -> 0 | L77: =ABS(H77-I77) -> 0 | M77: =IF(J77=MIN(J77:L77),G77,IF(K77=MIN(J77:L77),G77,H77)) -> 0 | N77: =IF(J77=MIN(J77:L77),H77,IF(K77=MIN(J77:L77),I77,I77)) -> 0
B78: =B24 -> Calf sf | G78: =+G24 -> 0 | H78: =+H24 -> 0 | I78: =+I24 -> 0 | J78: =ABS(G78-H78) -> 0 | K78: =ABS(I78-G78) -> 0 | L78: =ABS(H78-I78) -> 0 | M78: =IF(J78=MIN(J78:L78),G78,IF(K78=MIN(J78:L78),G78,H78)) -> 0 | N78: =IF(J78=MIN(J78:L78),H78,IF(K78=MIN(J78:L78),I78,I78)) -> 0
B79: =B25 -> Arm girth relaxed | G79: =+G25 -> 0 | H79: =+H25 -> 0 | I79: =+I25 -> 0 | J79: =ABS(G79-H79) -> 0 | K79: =ABS(I79-G79) -> 0 | L79: =ABS(H79-I79) -> 0 | M79: =IF(J79=MIN(J79:L79),G79,IF(K79=MIN(J79:L79),G79,H79)) -> 0 | N79: =IF(J79=MIN(J79:L79),H79,IF(K79=MIN(J79:L79),I79,I79)) -> 0
B80: =B27 -> Arm girth flexed and tensed | G80: =+G27 -> 0 | H80: =+H27 -> 0 | I80: =+I27 -> 0 | J80: =ABS(G80-H80) -> 0 | K80: =ABS(I80-G80) -> 0 | L80: =ABS(H80-I80) -> 0 | M80: =IF(J80=MIN(J80:L80),G80,IF(K80=MIN(J80:L80),G80,H80)) -> 0 | N80: =IF(J80=MIN(J80:L80),H80,IF(K80=MIN(J80:L80),I80,I80)) -> 0
B81: =B28 -> Waist girth | G81: =+G28 -> 0 | H81: =+H28 -> 0 | I81: =+I28 -> 0 | J81: =ABS(G81-H81) -> 0 | K81: =ABS(I81-G81) -> 0 | L81: =ABS(H81-I81) -> 0 | M81: =IF(J81=MIN(J81:L81),G81,IF(K81=MIN(J81:L81),G81,H81)) -> 0 | N81: =IF(J81=MIN(J81:L81),H81,IF(K81=MIN(J81:L81),I81,I81)) -> 0
B82: =B29 -> Hips girth | G82: =+G29 -> 0 | H82: =+H29 -> 0 | I82: =+I29 -> 0 | J82: =ABS(G82-H82) -> 0 | K82: =ABS(I82-G82) -> 0 | L82: =ABS(H82-I82) -> 0 | M82: =IF(J82=MIN(J82:L82),G82,IF(K82=MIN(J82:L82),G82,H82)) -> 0 | N82: =IF(J82=MIN(J82:L82),H82,IF(K82=MIN(J82:L82),I82,I82)) -> 0
B83: =B30 -> Thigh middle girth | G83: =+G30 -> 0 | H83: =+H30 -> 0 | I83: =+I30 -> 0 | J83: =ABS(G83-H83) -> 0 | K83: =ABS(I83-G83) -> 0 | L83: =ABS(H83-I83) -> 0 | M83: =IF(J83=MIN(J83:L83),G83,IF(K83=MIN(J83:L83),G83,H83)) -> 0 | N83: =IF(J83=MIN(J83:L83),H83,IF(K83=MIN(J83:L83),I83,I83)) -> 0
B84: =B32 -> Calf girth | G84: =+G32 -> 0 | H84: =+H32 -> 0 | I84: =+I32 -> 0 | J84: =ABS(G84-H84) -> 0 | K84: =ABS(I84-G84) -> 0 | L84: =ABS(H84-I84) -> 0 | M84: =IF(J84=MIN(J84:L84),G84,IF(K84=MIN(J84:L84),G84,H84)) -> 0 | N84: =IF(J84=MIN(J84:L84),H84,IF(K84=MIN(J84:L84),I84,I84)) -> 0
B85: =B34 -> Humerus breadth | G85: =+G34 -> 0 | H85: =+H34 -> 0 | I85: =+I34 -> 0 | J85: =ABS(G85-H85) -> 0 | K85: =ABS(I85-G85) -> 0 | L85: =ABS(H85-I85) -> 0 | M85: =IF(J85=MIN(J85:L85),G85,IF(K85=MIN(J85:L85),G85,H85)) -> 0 | N85: =IF(J85=MIN(J85:L85),H85,IF(K85=MIN(J85:L85),I85,I85)) -> 0
B86: =B35 -> Bi-styloid breadth | G86: =+G35 -> 0 | H86: =+H35 -> 0 | I86: =+I35 -> 0 | J86: =ABS(G86-H86) -> 0 | K86: =ABS(I86-G86) -> 0 | L86: =ABS(H86-I86) -> 0 | M86: =IF(J86=MIN(J86:L86),G86,IF(K86=MIN(J86:L86),G86,H86)) -> 0 | N86: =IF(J86=MIN(J86:L86),H86,IF(K86=MIN(J86:L86),I86,I86)) -> 0
B87: =B36 -> Femur breadth | G87: =+G36 -> 0 | H87: =+H36 -> 0 | I87: =+I36 -> 0 | J87: =ABS(G87-H87) -> 0 | K87: =ABS(I87-G87) -> 0 | L87: =ABS(H87-I87) -> 0 | M87: =IF(J87=MIN(J87:L87),G87,IF(K87=MIN(J87:L87),G87,H87)) -> 0 | N87: =IF(J87=MIN(J87:L87),H87,IF(K87=MIN(J87:L87),I87,I87)) -> 0

Sheet 6
B2: =IF(Info!D34,"ISAK RESTRICTED PROFORMA","PROFORMA PERFIL RESTRINGIDO ISAK") -> ISAK RESTRICTED PROFORMA | R2: =IF(Info!D34,"ISAK PROFORMA PRINTOUT","INFORME PROFORMA ISAK") -> ISAK PROFORMA PRINTOUT
B4: =IF(Info!D34,"Name","Nombre") -> Name | R4: =+B4 -> Name | U4: =+G4 -> 0
B5: =IF(Info!D34,"Surname","Apellidos") -> Surname | R5: =+B5 -> Surname | U5: =+G5 -> 0
B6: =IF(Info!D34,"Country","País") -> Country | R6: =+B6 -> Country | U6: =+G6 -> 0
B7: =IF(Info!D34,"Ethnicity (Asian=1; African-American=2; Caucasian=3)","Raza (asiático=1; afro-americano=2; caucásico=3)") -> Ethnicity (Asian=1; African-American=2; Caucasian=3) | R7: =+B7 -> Ethnicity (Asian=1; African-American=2; Caucasian=3) | U7: =+G7 -> 0
B8: =IF(Info!D34,"Sex (male=1, female=2)","Sexo (hombre=1, mujer=2)") -> Sex (male=1, female=2) | R8: =+B8 -> Sex (male=1, female=2) | U8: =+G8 -> 0
B9: =IF(Info!D34,"Sport","Deporte") -> Sport | R9: =+B9 -> Sport | U9: =+G9 -> 0
B10: =IF(Info!D34,"Date of Measurement","Fecha de la valoración") -> Date of Measurement | R10: =+B10 -> Date of Measurement | U10: =+G10 -> 0
B11: =IF(Info!D34,"Date of Birth","Fecha de nacimiento") -> Date of Birth | K11: =IF(Info!D34,"3rd measure?","¿3ª medida?") -> 3rd measure? | N11: =IF(Info!D34,"Mean or Median","Media o Mediana") -> Mean or Median | R11: =+B11 -> Date of Birth | U11: =+G11 -> 0
B12: =IF(Info!D34,"Measure","Medida") -> Measure | G12: 1 | H12: 2 | I12: 3 | U12: =IF(Info!D34,"Value", "Valor") -> Value | W12: =IF(Info!D34,"Phantom Z-value","Valor Z del Phantom") -> Phantom Z-value
B13: =IF(Info!D34,"Mass","Masa corporal") -> Mass | K13: =+(H13-G13)/(AVERAGE(G13:H13)) -> #DIV/0! | L13: =IF(ABS(K13)>1%,"Yes","No") -> #DIV/0! | N13: =IF(I13=0,AVERAGE(G13,H13),MEDIAN(G13,H13,I13)) -> #DIV/0! | R13: =+B13 -> Mass | U13: =+N13 -> #DIV/0! | V13: kg | W13: =1/8.6*(+U13*((170.18/U$14)^3)-64.58) -> #DIV/0!
B14: =IF(Info!D34,"Stature","Talla") -> Stature | K14: =+(H14-G14)/(AVERAGE(G14:H14)) -> #DIV/0! | L14: =IF(ABS(K14)>1%,"Yes","No") -> #DIV/0! | N14: =IF(I14=0,AVERAGE(G14,H14),MEDIAN(G14,H14,I14)) -> #DIV/0! | R14: =+B14 -> Stature | U14: =+N14 -> #DIV/0! | V14: cm
B15: =IF(Info!D34,"Sitting height","Talla sentado") -> Sitting height | K15: =+(H15-G15)/(AVERAGE(G15:H15)) -> #DIV/0! | L15: =IF(ABS(K15)>1%,"Yes","No") -> #DIV/0! | N15: =IF(I15=0,AVERAGE(G15,H15),MEDIAN(G15,H15,I15)) -> #DIV/0! | R15: =+B15 -> Sitting height | U15: =+N15 -> #DIV/0! | V15: cm | W15: =1/4.5*(+U15*((170.18/U$14)^1)-89.92) -> #DIV/0!
B16: =IF(Info!D34,"Arm Span","Envergadura de brazos") -> Arm Span | K16: =+(H16-G16)/(AVERAGE(G16:H16)) -> #DIV/0! | L16: =IF(ABS(K16)>1%,"Yes","No") -> #DIV/0! | N16: =IF(I16=0,AVERAGE(G16,H16),MEDIAN(G16,H16,I16)) -> #DIV/0! | R16: =+B16 -> Arm Span | U16: =+N16 -> #DIV/0! | V16: cm | W16: =1/7.41*(+U16*((170.18/U$14)^1)-172.35) -> #DIV/0!
B17: =IF(Info!D34,"Triceps sf","PL Tríceps") -> Triceps sf | K17: =+(H17-G17)/(AVERAGE(G17:H17)) -> #DIV/0! | L17: =IF(ABS(K17)>5%,"Yes","No") -> #DIV/0! | N17: =IF(I17=0,AVERAGE(G17,H17),MEDIAN(G17,H17,I17)) -> #DIV/0! | R17: =+B17 -> Triceps sf | U17: =+N17 -> #DIV/0! | V17: mm | W17: =1/4.47*(+U17*((170.18/U$14)^1)-15.4) -> #DIV/0!
B18: =IF(Info!D34,"Subscapular sf","PL Subescapular") -> Subscapular sf | K18: =+(H18-G18)/(AVERAGE(G18:H18)) -> #DIV/0! | L18: =IF(ABS(K18)>5%,"Yes","No") -> #DIV/0! | N18: =IF(I18=0,AVERAGE(G18,H18),MEDIAN(G18,H18,I18)) -> #DIV/0! | R18: =+B18 -> Subscapular sf | U18: =+N18 -> #DIV/0! | V18: mm | W18: =1/5.07*(+U18*((170.18/U$14)^1)-17.2) -> #DIV/0!
B19: =IF(Info!D34,"Biceps sf","PL Bíceps") -> Biceps sf | K19: =+(H19-G19)/(AVERAGE(G19:H19)) -> #DIV/0! | L19: =IF(ABS(K19)>5%,"Yes","No") -> #DIV/0! | N19: =IF(I19=0,AVERAGE(G19,H19),MEDIAN(G19,H19,I19)) -> #DIV/0! | R19: =+B19 -> Biceps sf | U19: =+N19 -> #DIV/0! | V19: mm | W19: =1/2*(+U19*((170.18/U$14)^1)-8) -> #DIV/0!
B20: =IF(Info!D34,"Iliac crest sf","PL Cresta Iliaca") -> Iliac crest sf | K20: =+(H20-G20)/(AVERAGE(G20:H20)) -> #DIV/0! | L20: =IF(ABS(K20)>5%,"Yes","No") -> #DIV/0! | N20: =IF(I20=0,AVERAGE(G20,H20),MEDIAN(G20,H20,I20)) -> #DIV/0! | R20: =+B20 -> Iliac crest sf | U20: =+N20 -> #DIV/0! | V20: mm | W20: =1/6.8*(+U20*((170.18/U$14)^1)-22.4) -> #DIV/0!
B21: =IF(Info!D34,"Supraspinale sf","PL Supraespinal") -> Supraspinale sf | K21: =+(H21-G21)/(AVERAGE(G21:H21)) -> #DIV/0! | L21: =IF(ABS(K21)>5%,"Yes","No") -> #DIV/0! | N21: =IF(I21=0,AVERAGE(G21,H21),MEDIAN(G21,H21,I21)) -> #DIV/0! | R21: =+B21 -> Supraspinale sf | U21: =+N21 -> #DIV/0! | V21: mm | W21: =1/4.47*(+U21*((170.18/U$14)^1)-15.4) -> #DIV/0!
B22: =IF(Info!D34,"Abdominal sf","PL Abdominal") -> Abdominal sf | K22: =+(H22-G22)/(AVERAGE(G22:H22)) -> #DIV/0! | L22: =IF(ABS(K22)>5%,"Yes","No") -> #DIV/0! | N22: =IF(I22=0,AVERAGE(G22,H22),MEDIAN(G22,H22,I22)) -> #DIV/0! | R22: =+B22 -> Abdominal sf | U22: =+N22 -> #DIV/0! | V22: mm | W22: =1/7.78*(+U22*((170.18/U$14)^1)-25.4) -> #DIV/0!
B23: =IF(Info!D34,"Thigh sf","PL Muslo") -> Thigh sf | K23: =+(H23-G23)/(AVERAGE(G23:H23)) -> #DIV/0! | L23: =IF(ABS(K23)>5%,"Yes","No") -> #DIV/0! | N23: =IF(I23=0,AVERAGE(G23,H23),MEDIAN(G23,H23,I23)) -> #DIV/0! | R23: =+B23 -> Thigh sf | U23: =+N23 -> #DIV/0! | V23: mm | W23: =1/8.33*(+U23*((170.18/U$14)^1)-27) -> #DIV/0!
B24: =IF(Info!D34,"Calf sf","PL Pierna") -> Calf sf | K24: =+(H24-G24)/(AVERAGE(G24:H24)) -> #DIV/0! | L24: =IF(ABS(K24)>5%,"Yes","No") -> #DIV/0! | N24: =IF(I24=0,AVERAGE(G24,H24),MEDIAN(G24,H24,I24)) -> #DIV/0! | R24: =+B24 -> Calf sf | U24: =+N24 -> #DIV/0! | V24: mm | W24: =1/4.67*(+U24*((170.18/U$14)^1)-16) -> #DIV/0!
B25: =IF(Info!D34,"Arm girth relaxed","PR Brazo relajado") -> Arm girth relaxed | K25: =+(H25-G25)/(AVERAGE(G25:H25)) -> #DIV/0! | L25: =IF(ABS(K25)>1%,"Yes","No") -> #DIV/0! | N25: =IF(I25=0,AVERAGE(G25,H25),MEDIAN(G25,H25,I25)) -> #DIV/0! | R25: =+B25 -> Arm girth relaxed | U25: =+N25 -> #DIV/0! | V25: cm | W25: =1/2.33*(+U25*((170.18/U$14)^1)-26.89) -> #DIV/0!
B26: =IF(Info!D34,"Corrected arm girth","PR Brazo corregido") -> Corrected arm girth | R26: =+B26 -> Corrected arm girth | U26: =+U25-(PI()*U17/10) -> #DIV/0! | V26: cm | W26: =1/1.91*(+U26*((170.18/U$14)^1)-22.05) -> #DIV/0!
B27: =IF(Info!D34,"Arm girth flexed and tensed","PR Brazo flexionado y contraído") -> Arm girth flexed and tensed | K27: =+(H27-G27)/(AVERAGE(G27:H27)) -> #DIV/0! | L27: =IF(ABS(K27)>1%,"Yes","No") -> #DIV/0! | N27: =IF(I27=0,AVERAGE(G27,H27),MEDIAN(G27,H27,I27)) -> #DIV/0! | R27: =+B27 -> Arm girth flexed and tensed | U27: =+N27 -> #DIV/0! | V27: cm | W27: =1/2.37*(+U27*((170.18/U$14)^1)-29.41) -> #DIV/0!
B28: =IF(Info!D34,"Waist girth","PR Cintura") -> Waist girth | K28: =+(H28-G28)/(AVERAGE(G28:H28)) -> #DIV/0! | L28: =IF(ABS(K28)>1%,"Yes","No") -> #DIV/0! | N28: =IF(I28=0,AVERAGE(G28,H28),MEDIAN(G28,H28,I28)) -> #DIV/0! | R28: =+B28 -> Waist girth | U28: =+N28 -> #DIV/0! | V28: cm | W28: =1/4.45*(+U28*((170.18/U$14)^1)-71.91) -> #DIV/0!
B29: =IF(Info!D34,"Hips girth","PR Caderas") -> Hips girth | K29: =+(H29-G29)/(AVERAGE(G29:H29)) -> #DIV/0! | L29: =IF(ABS(K29)>1%,"Yes","No") -> #DIV/0! | N29: =IF(I29=0,AVERAGE(G29,H29),MEDIAN(G29,H29,I29)) -> #DIV/0! | R29: =+B29 -> Hips girth | U29: =+N29 -> #DIV/0! | V29: cm | W29: =1/5.58*(+U29*((170.18/U$14)^1)-94.67) -> #DIV/0!
B30: =IF(Info!D34,"Thigh middle girth","PR Muslo medio") -> Thigh middle girth | K30: =+(H30-G30)/(AVERAGE(G30:H30)) -> #DIV/0! | L30: =IF(ABS(K30)>1%,"Yes","No") -> #DIV/0! | N30: =IF(I30=0,AVERAGE(G30,H30),MEDIAN(G30,H30,I30)) -> #DIV/0! | R30: =+B30 -> Thigh middle girth | U30: =+N30 -> #DIV/0! | V30: cm | W30: =1/4.56*(+U30*((170.18/U$14)^1)-53.2) -> #DIV/0!
B31: =IF(Info!D34,"Corrected thigh girth","PR Muslo corregido") -> Corrected thigh girth | R31: =+B31 -> Corrected thigh girth | U31: =+U30-(PI()*U23/10) -> #DIV/0! | V31: cm | W31: =1/3.59*(+U31*((170.18/U$14)^1)-47.34) -> #DIV/0!
B32: =IF(Info!D34,"Calf girth","PR Pierna") -> Calf girth | K32: =+(H32-G32)/(AVERAGE(G32:H32)) -> #DIV/0! | L32: =IF(ABS(K32)>1%,"Yes","No") -> #DIV/0! | N32: =IF(I32=0,AVERAGE(G32,H32),MEDIAN(G32,H32,I32)) -> #DIV/0! | R32: =+B32 -> Calf girth | U32: =+N32 -> #DIV/0! | V32: cm | W32: =1/2.3*(+U32*((170.18/U$14)^1)-35.25) -> #DIV/0!
B33: =IF(Info!D34,"Corrected calf girth","PR Pierna corregido") -> Corrected calf girth | R33: =+B33 -> Corrected calf girth | U33: =+U32-(PI()*U24/10) -> #DIV/0! | V33: cm | W33: =1/1.97*(+U33*((170.18/U$14)^1)-30.22) -> #DIV/0!
B34: =IF(Info!D34,"Humerus breadth","D Húmero") -> Humerus breadth | K34: =+(H34-G34)/(AVERAGE(G34:H34)) -> #DIV/0! | L34: =IF(ABS(K34)>1%,"Yes","No") -> #DIV/0! | N34: =IF(I34=0,AVERAGE(G34,H34),MEDIAN(G34,H34,I34)) -> #DIV/0! | R34: =+B34 -> Humerus breadth | U34: =+N34 -> #DIV/0! | V34: cm | W34: =1/0.35*(+U34*((170.18/U$14)^1)-6.48) -> #DIV/0!
B35: =IF(Info!D34,"Bi-styloid breadth","D Biestiloideo") -> Bi-styloid breadth | K35: =+(H35-G35)/(AVERAGE(G35:H35)) -> #DIV/0! | L35: =IF(ABS(K35)>1%,"Yes","No") -> #DIV/0! | N35: =IF(I35=0,AVERAGE(G35,H35),MEDIAN(G35,H35,I35)) -> #DIV/0! | R35: =+B35 -> Bi-styloid breadth | U35: =+N35 -> #DIV/0! | V35: cm | W35: =1/0.28*(+U35*((170.18/U$14)^1)-5.21) -> #DIV/0!
B36: =IF(Info!D34,"Femur breadth","D Fémur") -> Femur breadth | K36: =+(H36-G36)/(AVERAGE(G36:H36)) -> #DIV/0! | L36: =IF(ABS(K36)>1%,"Yes","No") -> #DIV/0! | N36: =IF(I36=0,AVERAGE(G36,H36),MEDIAN(G36,H36,I36)) -> #DIV/0! | R36: =+B36 -> Femur breadth | U36: =+N36 -> #DIV/0! | V36: cm | W36: =1/0.48*(+U36*((170.18/U$14)^1)-9.52) -> #DIV/0!
D39: 1ª Vs 2ª | E39: 1ªVs 3ª | F39: 2ª Vs 3ª | G39: =IF(Info!D34,"3rd measure taken?","¿3ª medida tomada?") -> 3rd measure taken? | H39: =IF(Info!D34,"3rd measure requested?","¿3ª medida solicitada?") -> 3rd measure requested? | I39: =IF(Info!D34,"He/she has not done 1st measure","No se ha realizado la 1ª medición") -> He/she has not done 1st measure | J39: =IF(Info!E34,"He/she has not done 2nd measure","No se ha realizado la 2ª medición") -> No se ha realizado la 2ª medición
B40: =B13 -> Mass | D40: =IF(G13=H13,1,0) -> 1 | E40: =IF(G13=I13,1,0) -> 1 | F40: =IF(H13=I13,1,0) -> 1 | G40: =IF(I13="",0,1) -> 0 | H40: =IF(L13="Yes",1,0) -> #DIV/0! | I40: =COUNTIF(G13,"") -> 1 | J40: =COUNTIF(H13,"") -> 1 | S40: ='3'!S40 -> Somatotype | T40: =IF(Info!D34,"Endomorphy","Endomorfia") -> Endomorphy | U40: =-0.7182+0.1451*((U17+U18+U21)*(170.18/U14))-0.00068*(((U17+U18+U21)*(170.18/U14))^2)+0.0000014*(((U17+U18+U21)*(170.18/U14))^3) -> #DIV/0!
B41: =B14 -> Stature | D41: =IF(G14=H14,1,0) -> 1 | E41: =IF(G14=I14,1,0) -> 1 | F41: =IF(H14=I14,1,0) -> 1 | G41: =IF(I14="",0,1) -> 0 | H41: =IF(L14="Yes",1,0) -> #DIV/0! | I41: =COUNTIF(G14,"") -> 1 | J41: =COUNTIF(H14,"") -> 1 | S41: ='3'!S41 -> (Heath-Carter) | T41: =IF(Info!D34,"Mesomorphy","Mesomorfia") -> Mesomorphy | U41: =(0.858*U34)+(0.601*U36)+(0.188*(U27-(U17/10)))+(0.161*(U32-(U24/10)))-(0.131*U14)+4.5 -> #DIV/0!
B42: =B15 -> Sitting height | D42: =IF(G15=H15,1,0) -> 1 | E42: =IF(G15=I15,1,0) -> 1 | F42: =IF(H15=I15,1,0) -> 1 | G42: =IF(I15="",0,1) -> 0 | H42: =IF(L15="Yes",1,0) -> #DIV/0! | I42: =COUNTIF(G15,"") -> 1 | J42: =COUNTIF(H15,"") -> 1 | T42: =IF(Info!D34,"Ectomorphy","Ectomorfia") -> Ectomorphy | U42: =IF(V42>40.75,((0.732*V42)-28.58),IF(V42>38.28,((0.463*V42)-17.63),0.1)) -> #DIV/0! | V42: =U14/(U13^(1/3)) -> #DIV/0!
B43: =B16 -> Arm Span | D43: =IF(G16=H16,1,0) -> 1 | E43: =IF(G16=I16,1,0) -> 1 | F43: =IF(H16=I16,1,0) -> 1 | G43: =IF(I16="",0,1) -> 0 | H43: =IF(L16="Yes",1,0) -> #DIV/0! | I43: =COUNTIF(G16,"") -> 1 | J43: =COUNTIF(H16,"") -> 1
B44: =B17 -> Triceps sf | D44: =IF(G17=H17,1,0) -> 1 | E44: =IF(G17=I17,1,0) -> 1 | F44: =IF(H17=I17,1,0) -> 1 | G44: =IF(I17="",0,1) -> 0 | H44: =IF(L17="Yes",1,0) -> #DIV/0! | I44: =COUNTIF(G17,"") -> 1 | J44: =COUNTIF(H17,"") -> 1 | S44: ='3'!S44 -> Body Mass Index (MBI) | U44: =+U13/(U14/100)^2 -> #DIV/0! | V44: ='3'!V44 -> kg/m2
B45: =B18 -> Subscapular sf | D45: =IF(G18=H18,1,0) -> 1 | E45: =IF(G18=I18,1,0) -> 1 | F45: =IF(H18=I18,1,0) -> 1 | G45: =IF(I18="",0,1) -> 0 | H45: =IF(L18="Yes",1,0) -> #DIV/0! | I45: =COUNTIF(G18,"") -> 1 | J45: =COUNTIF(H18,"") -> 1
B46: =B19 -> Biceps sf | D46: =IF(G19=H19,1,0) -> 1 | E46: =IF(G19=I19,1,0) -> 1 | F46: =IF(H19=I19,1,0) -> 1 | G46: =IF(I19="",0,1) -> 0 | H46: =IF(L19="Yes",1,0) -> #DIV/0! | I46: =COUNTIF(G19,"") -> 1 | J46: =COUNTIF(H19,"") -> 1 | S46: ='3'!S46 -> Waist/Hip ratio | U46: =+U28/U29 -> #DIV/0!
B47: =B20 -> Iliac crest sf | D47: =IF(G20=H20,1,0) -> 1 | E47: =IF(G20=I20,1,0) -> 1 | F47: =IF(H20=I20,1,0) -> 1 | G47: =IF(I20="",0,1) -> 0 | H47: =IF(L20="Yes",1,0) -> #DIV/0! | I47: =COUNTIF(G20,"") -> 1 | J47: =COUNTIF(H20,"") -> 1
B48: =B21 -> Supraspinale sf | D48: =IF(G21=H21,1,0) -> 1 | E48: =IF(G21=I21,1,0) -> 1 | F48: =IF(H21=I21,1,0) -> 1 | G48: =IF(I21="",0,1) -> 0 | H48: =IF(L21="Yes",1,0) -> #DIV/0! | I48: =COUNTIF(G21,"") -> 1 | J48: =COUNTIF(H21,"") -> 1 | S48: ='3'!S48 -> Sum of 6 skinfolds | U48: =SUM(U17:U18,U21:U24) -> #DIV/0! | V48: ='3'!V48 -> mm
B49: =B22 -> Abdominal sf | D49: =IF(G22=H22,1,0) -> 1 | E49: =IF(G22=I22,1,0) -> 1 | F49: =IF(H22=I22,1,0) -> 1 | G49: =IF(I22="",0,1) -> 0 | H49: =IF(L22="Yes",1,0) -> #DIV/0! | I49: =COUNTIF(G22,"") -> 1 | J49: =COUNTIF(H22,"") -> 1 | S49: ='3'!S49 -> Sum of 8 skinfolds | U49: =SUM(U17:U24) -> #DIV/0! | V49: ='3'!V49 -> mm
B50: =B23 -> Thigh sf | D50: =IF(G23=H23,1,0) -> 1 | E50: =IF(G23=I23,1,0) -> 1 | F50: =IF(H23=I23,1,0) -> 1 | G50: =IF(I23="",0,1) -> 0 | H50: =IF(L23="Yes",1,0) -> #DIV/0! | I50: =COUNTIF(G23,"") -> 1 | J50: =COUNTIF(H23,"") -> 1
B51: =B24 -> Calf sf | D51: =IF(G24=H24,1,0) -> 1 | E51: =IF(G24=I24,1,0) -> 1 | F51: =IF(H24=I24,1,0) -> 1 | G51: =IF(I24="",0,1) -> 0 | H51: =IF(L24="Yes",1,0) -> #DIV/0! | I51: =COUNTIF(G24,"") -> 1 | J51: =COUNTIF(H24,"") -> 1 | S51: ='3'!S51 -> Fat percentage | U51: =IF(U8=1,0.735*(U17+U24)+1,0.61*(U17+U24)+5.1) -> #DIV/0! | V51: ='3'!V51 -> (Slaughter)
B52: =B25 -> Arm girth relaxed | D52: =IF(G25=H25,1,0) -> 1 | E52: =IF(G25=I25,1,0) -> 1 | F52: =IF(H25=I25,1,0) -> 1 | G52: =IF(I25="",0,1) -> 0 | H52: =IF(L25="Yes",1,0) -> #DIV/0! | I52: =COUNTIF(G25,"") -> 1 | J52: =COUNTIF(H25,"") -> 1 | U52: =IF(U8=1,0.153*(U17+U18+U21+U22)+5.783,0.213*(U17+U18+U21+U22)+7.9) -> #DIV/0! | V52: ='3'!V52 -> (Faulkner, from Yuhasz)
U53: =IF(U8=1,0.1051*(U48)+2.58,0.1548*(U48)+3.58) -> #DIV/0! | V53: ='3'!V53 -> (Carter, from Yuhasz)
B54: =B27 -> Arm girth flexed and tensed | D54: =IF(G27=H27,1,0) -> 1 | E54: =IF(G27=I27,1,0) -> 1 | F54: =IF(H27=I27,1,0) -> 1 | G54: =IF(I27="",0,1) -> 0 | H54: =IF(L27="Yes",1,0) -> #DIV/0! | I54: =COUNTIF(G27,"") -> 1 | J54: =COUNTIF(H27,"") -> 1 | S54: ='3'!S54 -> Muscle percentage | U54: =(U14/100*(0.00744*U26^2+0.00088*U31^2+0.00441*U33^2)+(2.4*(IF(U8=1,1,0)))-0.048*((U10-U11)/365.25)+IF(U7="1",-2,IF(U7="2",1.1,0))+7.8)*100/U13 -> #DIV/0! | V54: ='3'!V54 -> (Lee)
B55: =B28 -> Waist girth | D55: =IF(G28=H28,1,0) -> 1 | E55: =IF(G28=I28,1,0) -> 1 | F55: =IF(H28=I28,1,0) -> 1 | G55: =IF(I28="",0,1) -> 0 | H55: =IF(L28="Yes",1,0) -> #DIV/0! | I55: =COUNTIF(G28,"") -> 1 | J55: =COUNTIF(H28,"") -> 1 | L55: =COUNTIF(L13:L36,"yes") -> 0 | U55: =(U14/100*((0.0064*(U26^2))+(0.0032*(U31^2))+(0.0015*(U33^2)))+(2.56*IF(U8=1,1,0))+(0.136*(U10-U11)/365.25))*100/U13 -> #DIV/0! | V55: ='3'!V55 -> (Poortmans)
B56: =B29 -> Hips girth | D56: =IF(G29=H29,1,0) -> 1 | E56: =IF(G29=I29,1,0) -> 1 | F56: =IF(H29=I29,1,0) -> 1 | G56: =IF(I29="",0,1) -> 0 | H56: =IF(L29="Yes",1,0) -> #DIV/0! | I56: =COUNTIF(G29,"") -> 1 | J56: =COUNTIF(H29,"") -> 1 | S56: ='3'!S56 -> Bone percentage | U56: =(3.02*(((U14/100)^2)*(U35/100)*(U36/100)*400)^0.712)*100/U13 -> #DIV/0! | V56: ='3'!V56 -> (Rocha)
B57: =B30 -> Thigh middle girth | D57: =IF(G30=H30,1,0) -> 1 | E57: =IF(G30=I30,1,0) -> 1 | F57: =IF(H30=I30,1,0) -> 1 | G57: =IF(I30="",0,1) -> 0 | H57: =IF(L30="Yes",1,0) -> #DIV/0! | I57: =COUNTIF(G30,"") -> 1 | J57: =COUNTIF(H30,"") -> 1
B59: =B32 -> Calf girth | D59: =IF(G32=H32,1,0) -> 1 | E59: =IF(G32=I32,1,0) -> 1 | F59: =IF(H32=I32,1,0) -> 1 | G59: =IF(I32="",0,1) -> 0 | H59: =IF(L32="Yes",1,0) -> #DIV/0! | I59: =COUNTIF(G32,"") -> 1 | J59: =COUNTIF(H32,"") -> 1
B61: =B34 -> Humerus breadth | D61: =IF(G34=H34,1,0) -> 1 | E61: =IF(G34=I34,1,0) -> 1 | F61: =IF(H34=I34,1,0) -> 1 | G61: =IF(I34="",0,1) -> 0 | H61: =IF(L34="Yes",1,0) -> #DIV/0! | I61: =COUNTIF(G34,"") -> 1 | J61: =COUNTIF(H34,"") -> 1
B62: =B35 -> Bi-styloid breadth | D62: =IF(G35=H35,1,0) -> 1 | E62: =IF(G35=I35,1,0) -> 1 | F62: =IF(H35=I35,1,0) -> 1 | G62: =IF(I35="",0,1) -> 0 | H62: =IF(L35="Yes",1,0) -> #DIV/0! | I62: =COUNTIF(G35,"") -> 1 | J62: =COUNTIF(H35,"") -> 1
B63: =B36 -> Femur breadth | D63: =IF(G36=H36,1,0) -> 1 | E63: =IF(G36=I36,1,0) -> 1 | F63: =IF(H36=I36,1,0) -> 1 | G63: =IF(I36="",0,1) -> 0 | H63: =IF(L36="Yes",1,0) -> #DIV/0! | I63: =COUNTIF(G36,"") -> 1 | J63: =COUNTIF(H36,"") -> 1
D64: =SUM(D40:D63) -> 21 | E64: =SUM(E40:E63) -> 21 | F64: =SUM(F40:F63) -> 21 | G64: =SUM(G40:G63) -> 0 | H64: =SUM(H40:H63) -> #DIV/0! | I64: =SUM(I40:I63) -> 21 | J64: =SUM(J40:J63) -> 21
B67: =B13 -> Mass | G67: =+G13 -> 0 | H67: =+H13 -> 0 | I67: =+I13 -> 0 | J67: =ABS(G67-H67) -> 0 | K67: =ABS(I67-G67) -> 0 | L67: =ABS(H67-I67) -> 0 | M67: =IF(J67=MIN(J67:L67),G67,IF(K67=MIN(J67:L67),G67,H67)) -> 0 | N67: =IF(J67=MIN(J67:L67),H67,IF(K67=MIN(J67:L67),I67,I67)) -> 0
B68: =B14 -> Stature | G68: =+G14 -> 0 | H68: =+H14 -> 0 | I68: =+I14 -> 0 | J68: =ABS(G68-H68) -> 0 | K68: =ABS(I68-G68) -> 0 | L68: =ABS(H68-I68) -> 0 | M68: =IF(J68=MIN(J68:L68),G68,IF(K68=MIN(J68:L68),G68,H68)) -> 0 | N68: =IF(J68=MIN(J68:L68),H68,IF(K68=MIN(J68:L68),I68,I68)) -> 0
B69: =B15 -> Sitting height | G69: =+G15 -> 0 | H69: =+H15 -> 0 | I69: =+I15 -> 0 | J69: =ABS(G69-H69) -> 0 | K69: =ABS(I69-G69) -> 0 | L69: =ABS(H69-I69) -> 0 | M69: =IF(J69=MIN(J69:L69),G69,IF(K69=MIN(J69:L69),G69,H69)) -> 0 | N69: =IF(J69=MIN(J69:L69),H69,IF(K69=MIN(J69:L69),I69,I69)) -> 0
B70: =B16 -> Arm Span | G70: =+G16 -> 0 | H70: =+H16 -> 0 | I70: =+I16 -> 0 | J70: =ABS(G70-H70) -> 0 | K70: =ABS(I70-G70) -> 0 | L70: =ABS(H70-I70) -> 0 | M70: =IF(J70=MIN(J70:L70),G70,IF(K70=MIN(J70:L70),G70,H70)) -> 0 | N70: =IF(J70=MIN(J70:L70),H70,IF(K70=MIN(J70:L70),I70,I70)) -> 0
B71: =B17 -> Triceps sf | G71: =+G17 -> 0 | H71: =+H17 -> 0 | I71: =+I17 -> 0 | J71: =ABS(G71-H71) -> 0 | K71: =ABS(I71-G71) -> 0 | L71: =ABS(H71-I71) -> 0 | M71: =IF(J71=MIN(J71:L71),G71,IF(K71=MIN(J71:L71),G71,H71)) -> 0 | N71: =IF(J71=MIN(J71:L71),H71,IF(K71=MIN(J71:L71),I71,I71)) -> 0
B72: =B18 -> Subscapular sf | G72: =+G18 -> 0 | H72: =+H18 -> 0 | I72: =+I18 -> 0 | J72: =ABS(G72-H72) -> 0 | K72: =ABS(I72-G72) -> 0 | L72: =ABS(H72-I72) -> 0 | M72: =IF(J72=MIN(J72:L72),G72,IF(K72=MIN(J72:L72),G72,H72)) -> 0 | N72: =IF(J72=MIN(J72:L72),H72,IF(K72=MIN(J72:L72),I72,I72)) -> 0
B73: =B19 -> Biceps sf | G73: =+G19 -> 0 | H73: =+H19 -> 0 | I73: =+I19 -> 0 | J73: =ABS(G73-H73) -> 0 | K73: =ABS(I73-G73) -> 0 | L73: =ABS(H73-I73) -> 0 | M73: =IF(J73=MIN(J73:L73),G73,IF(K73=MIN(J73:L73),G73,H73)) -> 0 | N73: =IF(J73=MIN(J73:L73),H73,IF(K73=MIN(J73:L73),I73,I73)) -> 0
B74: =B20 -> Iliac crest sf | G74: =+G20 -> 0 | H74: =+H20 -> 0 | I74: =+I20 -> 0 | J74: =ABS(G74-H74) -> 0 | K74: =ABS(I74-G74) -> 0 | L74: =ABS(H74-I74) -> 0 | M74: =IF(J74=MIN(J74:L74),G74,IF(K74=MIN(J74:L74),G74,H74)) -> 0 | N74: =IF(J74=MIN(J74:L74),H74,IF(K74=MIN(J74:L74),I74,I74)) -> 0
B75: =B21 -> Supraspinale sf | G75: =+G21 -> 0 | H75: =+H21 -> 0 | I75: =+I21 -> 0 | J75: =ABS(G75-H75) -> 0 | K75: =ABS(I75-G75) -> 0 | L75: =ABS(H75-I75) -> 0 | M75: =IF(J75=MIN(J75:L75),G75,IF(K75=MIN(J75:L75),G75,H75)) -> 0 | N75: =IF(J75=MIN(J75:L75),H75,IF(K75=MIN(J75:L75),I75,I75)) -> 0
B76: =B22 -> Abdominal sf | G76: =+G22 -> 0 | H76: =+H22 -> 0 | I76: =+I22 -> 0 | J76: =ABS(G76-H76) -> 0 | K76: =ABS(I76-G76) -> 0 | L76: =ABS(H76-I76) -> 0 | M76: =IF(J76=MIN(J76:L76),G76,IF(K76=MIN(J76:L76),G76,H76)) -> 0 | N76: =IF(J76=MIN(J76:L76),H76,IF(K76=MIN(J76:L76),I76,I76)) -> 0
B77: =B23 -> Thigh sf | G77: =+G23 -> 0 | H77: =+H23 -> 0 | I77: =+I23 -> 0 | J77: =ABS(G77-H77) -> 0 | K77: =ABS(I77-G77) -> 0 | L77: =ABS(H77-I77) -> 0 | M77: =IF(J77=MIN(J77:L77),G77,IF(K77=MIN(J77:L77),G77,H77)) -> 0 | N77: =IF(J77=MIN(J77:L77),H77,IF(K77=MIN(J77:L77),I77,I77)) -> 0
B78: =B24 -> Calf sf | G78: =+G24 -> 0 | H78: =+H24 -> 0 | I78: =+I24 -> 0 | J78: =ABS(G78-H78) -> 0 | K78: =ABS(I78-G78) -> 0 | L78: =ABS(H78-I78) -> 0 | M78: =IF(J78=MIN(J78:L78),G78,IF(K78=MIN(J78:L78),G78,H78)) -> 0 | N78: =IF(J78=MIN(J78:L78),H78,IF(K78=MIN(J78:L78),I78,I78)) -> 0
B79: =B25 -> Arm girth relaxed | G79: =+G25 -> 0 | H79: =+H25 -> 0 | I79: =+I25 -> 0 | J79: =ABS(G79-H79) -> 0 | K79: =ABS(I79-G79) -> 0 | L79: =ABS(H79-I79) -> 0 | M79: =IF(J79=MIN(J79:L79),G79,IF(K79=MIN(J79:L79),G79,H79)) -> 0 | N79: =IF(J79=MIN(J79:L79),H79,IF(K79=MIN(J79:L79),I79,I79)) -> 0
B80: =B27 -> Arm girth flexed and tensed | G80: =+G27 -> 0 | H80: =+H27 -> 0 | I80: =+I27 -> 0 | J80: =ABS(G80-H80) -> 0 | K80: =ABS(I80-G80) -> 0 | L80: =ABS(H80-I80) -> 0 | M80: =IF(J80=MIN(J80:L80),G80,IF(K80=MIN(J80:L80),G80,H80)) -> 0 | N80: =IF(J80=MIN(J80:L80),H80,IF(K80=MIN(J80:L80),I80,I80)) -> 0
B81: =B28 -> Waist girth | G81: =+G28 -> 0 | H81: =+H28 -> 0 | I81: =+I28 -> 0 | J81: =ABS(G81-H81) -> 0 | K81: =ABS(I81-G81) -> 0 | L81: =ABS(H81-I81) -> 0 | M81: =IF(J81=MIN(J81:L81),G81,IF(K81=MIN(J81:L81),G81,H81)) -> 0 | N81: =IF(J81=MIN(J81:L81),H81,IF(K81=MIN(J81:L81),I81,I81)) -> 0
B82: =B29 -> Hips girth | G82: =+G29 -> 0 | H82: =+H29 -> 0 | I82: =+I29 -> 0 | J82: =ABS(G82-H82) -> 0 | K82: =ABS(I82-G82) -> 0 | L82: =ABS(H82-I82) -> 0 | M82: =IF(J82=MIN(J82:L82),G82,IF(K82=MIN(J82:L82),G82,H82)) -> 0 | N82: =IF(J82=MIN(J82:L82),H82,IF(K82=MIN(J82:L82),I82,I82)) -> 0
B83: =B30 -> Thigh middle girth | G83: =+G30 -> 0 | H83: =+H30 -> 0 | I83: =+I30 -> 0 | J83: =ABS(G83-H83) -> 0 | K83: =ABS(I83-G83) -> 0 | L83: =ABS(H83-I83) -> 0 | M83: =IF(J83=MIN(J83:L83),G83,IF(K83=MIN(J83:L83),G83,H83)) -> 0 | N83: =IF(J83=MIN(J83:L83),H83,IF(K83=MIN(J83:L83),I83,I83)) -> 0
B84: =B32 -> Calf girth | G84: =+G32 -> 0 | H84: =+H32 -> 0 | I84: =+I32 -> 0 | J84: =ABS(G84-H84) -> 0 | K84: =ABS(I84-G84) -> 0 | L84: =ABS(H84-I84) -> 0 | M84: =IF(J84=MIN(J84:L84),G84,IF(K84=MIN(J84:L84),G84,H84)) -> 0 | N84: =IF(J84=MIN(J84:L84),H84,IF(K84=MIN(J84:L84),I84,I84)) -> 0
B85: =B34 -> Humerus breadth | G85: =+G34 -> 0 | H85: =+H34 -> 0 | I85: =+I34 -> 0 | J85: =ABS(G85-H85) -> 0 | K85: =ABS(I85-G85) -> 0 | L85: =ABS(H85-I85) -> 0 | M85: =IF(J85=MIN(J85:L85),G85,IF(K85=MIN(J85:L85),G85,H85)) -> 0 | N85: =IF(J85=MIN(J85:L85),H85,IF(K85=MIN(J85:L85),I85,I85)) -> 0
B86: =B35 -> Bi-styloid breadth | G86: =+G35 -> 0 | H86: =+H35 -> 0 | I86: =+I35 -> 0 | J86: =ABS(G86-H86) -> 0 | K86: =ABS(I86-G86) -> 0 | L86: =ABS(H86-I86) -> 0 | M86: =IF(J86=MIN(J86:L86),G86,IF(K86=MIN(J86:L86),G86,H86)) -> 0 | N86: =IF(J86=MIN(J86:L86),H86,IF(K86=MIN(J86:L86),I86,I86)) -> 0
B87: =B36 -> Femur breadth | G87: =+G36 -> 0 | H87: =+H36 -> 0 | I87: =+I36 -> 0 | J87: =ABS(G87-H87) -> 0 | K87: =ABS(I87-G87) -> 0 | L87: =ABS(H87-I87) -> 0 | M87: =IF(J87=MIN(J87:L87),G87,IF(K87=MIN(J87:L87),G87,H87)) -> 0 | N87: =IF(J87=MIN(J87:L87),H87,IF(K87=MIN(J87:L87),I87,I87)) -> 0

Sheet 7
B2: =IF(Info!D34,"ISAK RESTRICTED PROFORMA","PROFORMA PERFIL RESTRINGIDO ISAK") -> ISAK RESTRICTED PROFORMA | R2: =IF(Info!D34,"ISAK PROFORMA PRINTOUT","INFORME PROFORMA ISAK") -> ISAK PROFORMA PRINTOUT
B4: =IF(Info!D34,"Name","Nombre") -> Name | R4: =+B4 -> Name | U4: =+G4 -> 0
B5: =IF(Info!D34,"Surname","Apellidos") -> Surname | R5: =+B5 -> Surname | U5: =+G5 -> 0
B6: =IF(Info!D34,"Country","País") -> Country | R6: =+B6 -> Country | U6: =+G6 -> 0
B7: =IF(Info!D34,"Ethnicity (Asian=1; African-American=2; Caucasian=3)","Raza (asiático=1; afro-americano=2; caucásico=3)") -> Ethnicity (Asian=1; African-American=2; Caucasian=3) | R7: =+B7 -> Ethnicity (Asian=1; African-American=2; Caucasian=3) | U7: =+G7 -> 0
B8: =IF(Info!D34,"Sex (male=1, female=2)","Sexo (hombre=1, mujer=2)") -> Sex (male=1, female=2) | R8: =+B8 -> Sex (male=1, female=2) | U8: =+G8 -> 0
B9: =IF(Info!D34,"Sport","Deporte") -> Sport | R9: =+B9 -> Sport | U9: =+G9 -> 0
B10: =IF(Info!D34,"Date of Measurement","Fecha de la valoración") -> Date of Measurement | R10: =+B10 -> Date of Measurement | U10: =+G10 -> 0
B11: =IF(Info!D34,"Date of Birth","Fecha de nacimiento") -> Date of Birth | K11: =IF(Info!D34,"3rd measure?","¿3ª medida?") -> 3rd measure? | N11: =IF(Info!D34,"Mean or Median","Media o Mediana") -> Mean or Median | R11: =+B11 -> Date of Birth | U11: =+G11 -> 0
B12: =IF(Info!D34,"Measure","Medida") -> Measure | G12: 1 | H12: 2 | I12: 3 | U12: =IF(Info!D34,"Value", "Valor") -> Value | W12: =IF(Info!D34,"Phantom Z-value","Valor Z del Phantom") -> Phantom Z-value
B13: =IF(Info!D34,"Mass","Masa corporal") -> Mass | K13: =+(H13-G13)/(AVERAGE(G13:H13)) -> #DIV/0! | L13: =IF(ABS(K13)>1%,"Yes","No") -> #DIV/0! | N13: =IF(I13=0,AVERAGE(G13,H13),MEDIAN(G13,H13,I13)) -> #DIV/0! | R13: =+B13 -> Mass | U13: =+N13 -> #DIV/0! | V13: kg | W13: =1/8.6*(+U13*((170.18/U$14)^3)-64.58) -> #DIV/0!
B14: =IF(Info!D34,"Stature","Talla") -> Stature | K14: =+(H14-G14)/(AVERAGE(G14:H14)) -> #DIV/0! | L14: =IF(ABS(K14)>1%,"Yes","No") -> #DIV/0! | N14: =IF(I14=0,AVERAGE(G14,H14),MEDIAN(G14,H14,I14)) -> #DIV/0! | R14: =+B14 -> Stature | U14: =+N14 -> #DIV/0! | V14: cm
B15: =IF(Info!D34,"Sitting height","Talla sentado") -> Sitting height | K15: =+(H15-G15)/(AVERAGE(G15:H15)) -> #DIV/0! | L15: =IF(ABS(K15)>1%,"Yes","No") -> #DIV/0! | N15: =IF(I15=0,AVERAGE(G15,H15),MEDIAN(G15,H15,I15)) -> #DIV/0! | R15: =+B15 -> Sitting height | U15: =+N15 -> #DIV/0! | V15: cm | W15: =1/4.5*(+U15*((170.18/U$14)^1)-89.92) -> #DIV/0!
B16: =IF(Info!D34,"Arm Span","Envergadura de brazos") -> Arm Span | K16: =+(H16-G16)/(AVERAGE(G16:H16)) -> #DIV/0! | L16: =IF(ABS(K16)>1%,"Yes","No") -> #DIV/0! | N16: =IF(I16=0,AVERAGE(G16,H16),MEDIAN(G16,H16,I16)) -> #DIV/0! | R16: =+B16 -> Arm Span | U16: =+N16 -> #DIV/0! | V16: cm | W16: =1/7.41*(+U16*((170.18/U$14)^1)-172.35) -> #DIV/0!
B17: =IF(Info!D34,"Triceps sf","PL Tríceps") -> Triceps sf | K17: =+(H17-G17)/(AVERAGE(G17:H17)) -> #DIV/0! | L17: =IF(ABS(K17)>5%,"Yes","No") -> #DIV/0! | N17: =IF(I17=0,AVERAGE(G17,H17),MEDIAN(G17,H17,I17)) -> #DIV/0! | R17: =+B17 -> Triceps sf | U17: =+N17 -> #DIV/0! | V17: mm | W17: =1/4.47*(+U17*((170.18/U$14)^1)-15.4) -> #DIV/0!
B18: =IF(Info!D34,"Subscapular sf","PL Subescapular") -> Subscapular sf | K18: =+(H18-G18)/(AVERAGE(G18:H18)) -> #DIV/0! | L18: =IF(ABS(K18)>5%,"Yes","No") -> #DIV/0! | N18: =IF(I18=0,AVERAGE(G18,H18),MEDIAN(G18,H18,I18)) -> #DIV/0! | R18: =+B18 -> Subscapular sf | U18: =+N18 -> #DIV/0! | V18: mm | W18: =1/5.07*(+U18*((170.18/U$14)^1)-17.2) -> #DIV/0!
B19: =IF(Info!D34,"Biceps sf","PL Bíceps") -> Biceps sf | K19: =+(H19-G19)/(AVERAGE(G19:H19)) -> #DIV/0! | L19: =IF(ABS(K19)>5%,"Yes","No") -> #DIV/0! | N19: =IF(I19=0,AVERAGE(G19,H19),MEDIAN(G19,H19,I19)) -> #DIV/0! | R19: =+B19 -> Biceps sf | U19: =+N19 -> #DIV/0! | V19: mm | W19: =1/2*(+U19*((170.18/U$14)^1)-8) -> #DIV/0!
B20: =IF(Info!D34,"Iliac crest sf","PL Cresta Iliaca") -> Iliac crest sf | K20: =+(H20-G20)/(AVERAGE(G20:H20)) -> #DIV/0! | L20: =IF(ABS(K20)>5%,"Yes","No") -> #DIV/0! | N20: =IF(I20=0,AVERAGE(G20,H20),MEDIAN(G20,H20,I20)) -> #DIV/0! | R20: =+B20 -> Iliac crest sf | U20: =+N20 -> #DIV/0! | V20: mm | W20: =1/6.8*(+U20*((170.18/U$14)^1)-22.4) -> #DIV/0!
B21: =IF(Info!D34,"Supraspinale sf","PL Supraespinal") -> Supraspinale sf | K21: =+(H21-G21)/(AVERAGE(G21:H21)) -> #DIV/0! | L21: =IF(ABS(K21)>5%,"Yes","No") -> #DIV/0! | N21: =IF(I21=0,AVERAGE(G21,H21),MEDIAN(G21,H21,I21)) -> #DIV/0! | R21: =+B21 -> Supraspinale sf | U21: =+N21 -> #DIV/0! | V21: mm | W21: =1/4.47*(+U21*((170.18/U$14)^1)-15.4) -> #DIV/0!
B22: =IF(Info!D34,"Abdominal sf","PL Abdominal") -> Abdominal sf | K22: =+(H22-G22)/(AVERAGE(G22:H22)) -> #DIV/0! | L22: =IF(ABS(K22)>5%,"Yes","No") -> #DIV/0! | N22: =IF(I22=0,AVERAGE(G22,H22),MEDIAN(G22,H22,I22)) -> #DIV/0! | R22: =+B22 -> Abdominal sf | U22: =+N22 -> #DIV/0! | V22: mm | W22: =1/7.78*(+U22*((170.18/U$14)^1)-25.4) -> #DIV/0!
B23: =IF(Info!D34,"Thigh sf","PL Muslo") -> Thigh sf | K23: =+(H23-G23)/(AVERAGE(G23:H23)) -> #DIV/0! | L23: =IF(ABS(K23)>5%,"Yes","No") -> #DIV/0! | N23: =IF(I23=0,AVERAGE(G23,H23),MEDIAN(G23,H23,I23)) -> #DIV/0! | R23: =+B23 -> Thigh sf | U23: =+N23 -> #DIV/0! | V23: mm | W23: =1/8.33*(+U23*((170.18/U$14)^1)-27) -> #DIV/0!
B24: =IF(Info!D34,"Calf sf","PL Pierna") -> Calf sf | K24: =+(H24-G24)/(AVERAGE(G24:H24)) -> #DIV/0! | L24: =IF(ABS(K24)>5%,"Yes","No") -> #DIV/0! | N24: =IF(I24=0,AVERAGE(G24,H24),MEDIAN(G24,H24,I24)) -> #DIV/0! | R24: =+B24 -> Calf sf | U24: =+N24 -> #DIV/0! | V24: mm | W24: =1/4.67*(+U24*((170.18/U$14)^1)-16) -> #DIV/0!
B25: =IF(Info!D34,"Arm girth relaxed","PR Brazo relajado") -> Arm girth relaxed | K25: =+(H25-G25)/(AVERAGE(G25:H25)) -> #DIV/0! | L25: =IF(ABS(K25)>1%,"Yes","No") -> #DIV/0! | N25: =IF(I25=0,AVERAGE(G25,H25),MEDIAN(G25,H25,I25)) -> #DIV/0! | R25: =+B25 -> Arm girth relaxed | U25: =+N25 -> #DIV/0! | V25: cm | W25: =1/2.33*(+U25*((170.18/U$14)^1)-26.89) -> #DIV/0!
B26: =IF(Info!D34,"Corrected arm girth","PR Brazo corregido") -> Corrected arm girth | R26: =+B26 -> Corrected arm girth | U26: =+U25-(PI()*U17/10) -> #DIV/0! | V26: cm | W26: =1/1.91*(+U26*((170.18/U$14)^1)-22.05) -> #DIV/0!
B27: =IF(Info!D34,"Arm girth flexed and tensed","PR Brazo flexionado y contraído") -> Arm girth flexed and tensed | K27: =+(H27-G27)/(AVERAGE(G27:H27)) -> #DIV/0! | L27: =IF(ABS(K27)>1%,"Yes","No") -> #DIV/0! | N27: =IF(I27=0,AVERAGE(G27,H27),MEDIAN(G27,H27,I27)) -> #DIV/0! | R27: =+B27 -> Arm girth flexed and tensed | U27: =+N27 -> #DIV/0! | V27: cm | W27: =1/2.37*(+U27*((170.18/U$14)^1)-29.41) -> #DIV/0!
B28: =IF(Info!D34,"Waist girth","PR Cintura") -> Waist girth | K28: =+(H28-G28)/(AVERAGE(G28:H28)) -> #DIV/0! | L28: =IF(ABS(K28)>1%,"Yes","No") -> #DIV/0! | N28: =IF(I28=0,AVERAGE(G28,H28),MEDIAN(G28,H28,I28)) -> #DIV/0! | R28: =+B28 -> Waist girth | U28: =+N28 -> #DIV/0! | V28: cm | W28: =1/4.45*(+U28*((170.18/U$14)^1)-71.91) -> #DIV/0!
B29: =IF(Info!D34,"Hips girth","PR Caderas") -> Hips girth | K29: =+(H29-G29)/(AVERAGE(G29:H29)) -> #DIV/0! | L29: =IF(ABS(K29)>1%,"Yes","No") -> #DIV/0! | N29: =IF(I29=0,AVERAGE(G29,H29),MEDIAN(G29,H29,I29)) -> #DIV/0! | R29: =+B29 -> Hips girth | U29: =+N29 -> #DIV/0! | V29: cm | W29: =1/5.58*(+U29*((170.18/U$14)^1)-94.67) -> #DIV/0!
B30: =IF(Info!D34,"Thigh middle girth","PR Muslo medio") -> Thigh middle girth | K30: =+(H30-G30)/(AVERAGE(G30:H30)) -> #DIV/0! | L30: =IF(ABS(K30)>1%,"Yes","No") -> #DIV/0! | N30: =IF(I30=0,AVERAGE(G30,H30),MEDIAN(G30,H30,I30)) -> #DIV/0! | R30: =+B30 -> Thigh middle girth | U30: =+N30 -> #DIV/0! | V30: cm | W30: =1/4.56*(+U30*((170.18/U$14)^1)-53.2) -> #DIV/0!
B31: =IF(Info!D34,"Corrected thigh girth","PR Muslo corregido") -> Corrected thigh girth | R31: =+B31 -> Corrected thigh girth | U31: =+U30-(PI()*U23/10) -> #DIV/0! | V31: cm | W31: =1/3.59*(+U31*((170.18/U$14)^1)-47.34) -> #DIV/0!
B32: =IF(Info!D34,"Calf girth","PR Pierna") -> Calf girth | K32: =+(H32-G32)/(AVERAGE(G32:H32)) -> #DIV/0! | L32: =IF(ABS(K32)>1%,"Yes","No") -> #DIV/0! | N32: =IF(I32=0,AVERAGE(G32,H32),MEDIAN(G32,H32,I32)) -> #DIV/0! | R32: =+B32 -> Calf girth | U32: =+N32 -> #DIV/0! | V32: cm | W32: =1/2.3*(+U32*((170.18/U$14)^1)-35.25) -> #DIV/0!
B33: =IF(Info!D34,"Corrected calf girth","PR Pierna corregido") -> Corrected calf girth | R33: =+B33 -> Corrected calf girth | U33: =+U32-(PI()*U24/10) -> #DIV/0! | V33: cm | W33: =1/1.97*(+U33*((170.18/U$14)^1)-30.22) -> #DIV/0!
B34: =IF(Info!D34,"Humerus breadth","D Húmero") -> Humerus breadth | K34: =+(H34-G34)/(AVERAGE(G34:H34)) -> #DIV/0! | L34: =IF(ABS(K34)>1%,"Yes","No") -> #DIV/0! | N34: =IF(I34=0,AVERAGE(G34,H34),MEDIAN(G34,H34,I34)) -> #DIV/0! | R34: =+B34 -> Humerus breadth | U34: =+N34 -> #DIV/0! | V34: cm | W34: =1/0.35*(+U34*((170.18/U$14)^1)-6.48) -> #DIV/0!
B35: =IF(Info!D34,"Bi-styloid breadth","D Biestiloideo") -> Bi-styloid breadth | K35: =+(H35-G35)/(AVERAGE(G35:H35)) -> #DIV/0! | L35: =IF(ABS(K35)>1%,"Yes","No") -> #DIV/0! | N35: =IF(I35=0,AVERAGE(G35,H35),MEDIAN(G35,H35,I35)) -> #DIV/0! | R35: =+B35 -> Bi-styloid breadth | U35: =+N35 -> #DIV/0! | V35: cm | W35: =1/0.28*(+U35*((170.18/U$14)^1)-5.21) -> #DIV/0!
B36: =IF(Info!D34,"Femur breadth","D Fémur") -> Femur breadth | K36: =+(H36-G36)/(AVERAGE(G36:H36)) -> #DIV/0! | L36: =IF(ABS(K36)>1%,"Yes","No") -> #DIV/0! | N36: =IF(I36=0,AVERAGE(G36,H36),MEDIAN(G36,H36,I36)) -> #DIV/0! | R36: =+B36 -> Femur breadth | U36: =+N36 -> #DIV/0! | V36: cm | W36: =1/0.48*(+U36*((170.18/U$14)^1)-9.52) -> #DIV/0!
D39: 1ª Vs 2ª | E39: 1ªVs 3ª | F39: 2ª Vs 3ª | G39: =IF(Info!D34,"3rd measure taken?","¿3ª medida tomada?") -> 3rd measure taken? | H39: =IF(Info!D34,"3rd measure requested?","¿3ª medida solicitada?") -> 3rd measure requested? | I39: =IF(Info!D34,"He/she has not done 1st measure","No se ha realizado la 1ª medición") -> He/she has not done 1st measure | J39: =IF(Info!E34,"He/she has not done 2nd measure","No se ha realizado la 2ª medición") -> No se ha realizado la 2ª medición
B40: =B13 -> Mass | D40: =IF(G13=H13,1,0) -> 1 | E40: =IF(G13=I13,1,0) -> 1 | F40: =IF(H13=I13,1,0) -> 1 | G40: =IF(I13="",0,1) -> 0 | H40: =IF(L13="Yes",1,0) -> #DIV/0! | I40: =COUNTIF(G13,"") -> 1 | J40: =COUNTIF(H13,"") -> 1 | S40: ='3'!S40 -> Somatotype | T40: =IF(Info!D34,"Endomorphy","Endomorfia") -> Endomorphy | U40: =-0.7182+0.1451*((U17+U18+U21)*(170.18/U14))-0.00068*(((U17+U18+U21)*(170.18/U14))^2)+0.0000014*(((U17+U18+U21)*(170.18/U14))^3) -> #DIV/0!
B41: =B14 -> Stature | D41: =IF(G14=H14,1,0) -> 1 | E41: =IF(G14=I14,1,0) -> 1 | F41: =IF(H14=I14,1,0) -> 1 | G41: =IF(I14="",0,1) -> 0 | H41: =IF(L14="Yes",1,0) -> #DIV/0! | I41: =COUNTIF(G14,"") -> 1 | J41: =COUNTIF(H14,"") -> 1 | S41: ='3'!S41 -> (Heath-Carter) | T41: =IF(Info!D34,"Mesomorphy","Mesomorfia") -> Mesomorphy | U41: =(0.858*U34)+(0.601*U36)+(0.188*(U27-(U17/10)))+(0.161*(U32-(U24/10)))-(0.131*U14)+4.5 -> #DIV/0!
B42: =B15 -> Sitting height | D42: =IF(G15=H15,1,0) -> 1 | E42: =IF(G15=I15,1,0) -> 1 | F42: =IF(H15=I15,1,0) -> 1 | G42: =IF(I15="",0,1) -> 0 | H42: =IF(L15="Yes",1,0) -> #DIV/0! | I42: =COUNTIF(G15,"") -> 1 | J42: =COUNTIF(H15,"") -> 1 | T42: =IF(Info!D34,"Ectomorphy","Ectomorfia") -> Ectomorphy | U42: =IF(V42>40.75,((0.732*V42)-28.58),IF(V42>38.28,((0.463*V42)-17.63),0.1)) -> #DIV/0! | V42: =U14/(U13^(1/3)) -> #DIV/0!
B43: =B16 -> Arm Span | D43: =IF(G16=H16,1,0) -> 1 | E43: =IF(G16=I16,1,0) -> 1 | F43: =IF(H16=I16,1,0) -> 1 | G43: =IF(I16="",0,1) -> 0 | H43: =IF(L16="Yes",1,0) -> #DIV/0! | I43: =COUNTIF(G16,"") -> 1 | J43: =COUNTIF(H16,"") -> 1
B44: =B17 -> Triceps sf | D44: =IF(G17=H17,1,0) -> 1 | E44: =IF(G17=I17,1,0) -> 1 | F44: =IF(H17=I17,1,0) -> 1 | G44: =IF(I17="",0,1) -> 0 | H44: =IF(L17="Yes",1,0) -> #DIV/0! | I44: =COUNTIF(G17,"") -> 1 | J44: =COUNTIF(H17,"") -> 1 | S44: ='3'!S44 -> Body Mass Index (MBI) | U44: =+U13/(U14/100)^2 -> #DIV/0! | V44: ='3'!V44 -> kg/m2
B45: =B18 -> Subscapular sf | D45: =IF(G18=H18,1,0) -> 1 | E45: =IF(G18=I18,1,0) -> 1 | F45: =IF(H18=I18,1,0) -> 1 | G45: =IF(I18="",0,1) -> 0 | H45: =IF(L18="Yes",1,0) -> #DIV/0! | I45: =COUNTIF(G18,"") -> 1 | J45: =COUNTIF(H18,"") -> 1
B46: =B19 -> Biceps sf | D46: =IF(G19=H19,1,0) -> 1 | E46: =IF(G19=I19,1,0) -> 1 | F46: =IF(H19=I19,1,0) -> 1 | G46: =IF(I19="",0,1) -> 0 | H46: =IF(L19="Yes",1,0) -> #DIV/0! | I46: =COUNTIF(G19,"") -> 1 | J46: =COUNTIF(H19,"") -> 1 | S46: ='3'!S46 -> Waist/Hip ratio | U46: =+U28/U29 -> #DIV/0!
B47: =B20 -> Iliac crest sf | D47: =IF(G20=H20,1,0) -> 1 | E47: =IF(G20=I20,1,0) -> 1 | F47: =IF(H20=I20,1,0) -> 1 | G47: =IF(I20="",0,1) -> 0 | H47: =IF(L20="Yes",1,0) -> #DIV/0! | I47: =COUNTIF(G20,"") -> 1 | J47: =COUNTIF(H20,"") -> 1
B48: =B21 -> Supraspinale sf | D48: =IF(G21=H21,1,0) -> 1 | E48: =IF(G21=I21,1,0) -> 1 | F48: =IF(H21=I21,1,0) -> 1 | G48: =IF(I21="",0,1) -> 0 | H48: =IF(L21="Yes",1,0) -> #DIV/0! | I48: =COUNTIF(G21,"") -> 1 | J48: =COUNTIF(H21,"") -> 1 | S48: ='3'!S48 -> Sum of 6 skinfolds | U48: =SUM(U17:U18,U21:U24) -> #DIV/0! | V48: ='3'!V48 -> mm
B49: =B22 -> Abdominal sf | D49: =IF(G22=H22,1,0) -> 1 | E49: =IF(G22=I22,1,0) -> 1 | F49: =IF(H22=I22,1,0) -> 1 | G49: =IF(I22="",0,1) -> 0 | H49: =IF(L22="Yes",1,0) -> #DIV/0! | I49: =COUNTIF(G22,"") -> 1 | J49: =COUNTIF(H22,"") -> 1 | S49: ='3'!S49 -> Sum of 8 skinfolds | U49: =SUM(U17:U24) -> #DIV/0! | V49: ='3'!V49 -> mm
B50: =B23 -> Thigh sf | D50: =IF(G23=H23,1,0) -> 1 | E50: =IF(G23=I23,1,0) -> 1 | F50: =IF(H23=I23,1,0) -> 1 | G50: =IF(I23="",0,1) -> 0 | H50: =IF(L23="Yes",1,0) -> #DIV/0! | I50: =COUNTIF(G23,"") -> 1 | J50: =COUNTIF(H23,"") -> 1
B51: =B24 -> Calf sf | D51: =IF(G24=H24,1,0) -> 1 | E51: =IF(G24=I24,1,0) -> 1 | F51: =IF(H24=I24,1,0) -> 1 | G51: =IF(I24="",0,1) -> 0 | H51: =IF(L24="Yes",1,0) -> #DIV/0! | I51: =COUNTIF(G24,"") -> 1 | J51: =COUNTIF(H24,"") -> 1 | S51: ='3'!S51 -> Fat percentage | U51: =IF(U8=1,0.735*(U17+U24)+1,0.61*(U17+U24)+5.1) -> #DIV/0! | V51: ='3'!V51 -> (Slaughter)
B52: =B25 -> Arm girth relaxed | D52: =IF(G25=H25,1,0) -> 1 | E52: =IF(G25=I25,1,0) -> 1 | F52: =IF(H25=I25,1,0) -> 1 | G52: =IF(I25="",0,1) -> 0 | H52: =IF(L25="Yes",1,0) -> #DIV/0! | I52: =COUNTIF(G25,"") -> 1 | J52: =COUNTIF(H25,"") -> 1 | U52: =IF(U8=1,0.153*(U17+U18+U21+U22)+5.783,0.213*(U17+U18+U21+U22)+7.9) -> #DIV/0! | V52: ='3'!V52 -> (Faulkner, from Yuhasz)
U53: =IF(U8=1,0.1051*(U48)+2.58,0.1548*(U48)+3.58) -> #DIV/0! | V53: ='3'!V53 -> (Carter, from Yuhasz)
B54: =B27 -> Arm girth flexed and tensed | D54: =IF(G27=H27,1,0) -> 1 | E54: =IF(G27=I27,1,0) -> 1 | F54: =IF(H27=I27,1,0) -> 1 | G54: =IF(I27="",0,1) -> 0 | H54: =IF(L27="Yes",1,0) -> #DIV/0! | I54: =COUNTIF(G27,"") -> 1 | J54: =COUNTIF(H27,"") -> 1 | S54: ='3'!S54 -> Muscle percentage | U54: =(U14/100*(0.00744*U26^2+0.00088*U31^2+0.00441*U33^2)+(2.4*(IF(U8=1,1,0)))-0.048*((U10-U11)/365.25)+IF(U7="1",-2,IF(U7="2",1.1,0))+7.8)*100/U13 -> #DIV/0! | V54: ='3'!V54 -> (Lee)
B55: =B28 -> Waist girth | D55: =IF(G28=H28,1,0) -> 1 | E55: =IF(G28=I28,1,0) -> 1 | F55: =IF(H28=I28,1,0) -> 1 | G55: =IF(I28="",0,1) -> 0 | H55: =IF(L28="Yes",1,0) -> #DIV/0! | I55: =COUNTIF(G28,"") -> 1 | J55: =COUNTIF(H28,"") -> 1 | L55: =COUNTIF(L13:L36,"yes") -> 0 | U55: =(U14/100*((0.0064*(U26^2))+(0.0032*(U31^2))+(0.0015*(U33^2)))+(2.56*IF(U8=1,1,0))+(0.136*(U10-U11)/365.25))*100/U13 -> #DIV/0! | V55: ='3'!V55 -> (Poortmans)
B56: =B29 -> Hips girth | D56: =IF(G29=H29,1,0) -> 1 | E56: =IF(G29=I29,1,0) -> 1 | F56: =IF(H29=I29,1,0) -> 1 | G56: =IF(I29="",0,1) -> 0 | H56: =IF(L29="Yes",1,0) -> #DIV/0! | I56: =COUNTIF(G29,"") -> 1 | J56: =COUNTIF(H29,"") -> 1 | S56: ='3'!S56 -> Bone percentage | U56: =(3.02*(((U14/100)^2)*(U35/100)*(U36/100)*400)^0.712)*100/U13 -> #DIV/0! | V56: ='3'!V56 -> (Rocha)
B57: =B30 -> Thigh middle girth | D57: =IF(G30=H30,1,0) -> 1 | E57: =IF(G30=I30,1,0) -> 1 | F57: =IF(H30=I30,1,0) -> 1 | G57: =IF(I30="",0,1) -> 0 | H57: =IF(L30="Yes",1,0) -> #DIV/0! | I57: =COUNTIF(G30,"") -> 1 | J57: =COUNTIF(H30,"") -> 1
B59: =B32 -> Calf girth | D59: =IF(G32=H32,1,0) -> 1 | E59: =IF(G32=I32,1,0) -> 1 | F59: =IF(H32=I32,1,0) -> 1 | G59: =IF(I32="",0,1) -> 0 | H59: =IF(L32="Yes",1,0) -> #DIV/0! | I59: =COUNTIF(G32,"") -> 1 | J59: =COUNTIF(H32,"") -> 1
B61: =B34 -> Humerus breadth | D61: =IF(G34=H34,1,0) -> 1 | E61: =IF(G34=I34,1,0) -> 1 | F61: =IF(H34=I34,1,0) -> 1 | G61: =IF(I34="",0,1) -> 0 | H61: =IF(L34="Yes",1,0) -> #DIV/0! | I61: =COUNTIF(G34,"") -> 1 | J61: =COUNTIF(H34,"") -> 1
B62: =B35 -> Bi-styloid breadth | D62: =IF(G35=H35,1,0) -> 1 | E62: =IF(G35=I35,1,0) -> 1 | F62: =IF(H35=I35,1,0) -> 1 | G62: =IF(I35="",0,1) -> 0 | H62: =IF(L35="Yes",1,0) -> #DIV/0! | I62: =COUNTIF(G35,"") -> 1 | J62: =COUNTIF(H35,"") -> 1
B63: =B36 -> Femur breadth | D63: =IF(G36=H36,1,0) -> 1 | E63: =IF(G36=I36,1,0) -> 1 | F63: =IF(H36=I36,1,0) -> 1 | G63: =IF(I36="",0,1) -> 0 | H63: =IF(L36="Yes",1,0) -> #DIV/0! | I63: =COUNTIF(G36,"") -> 1 | J63: =COUNTIF(H36,"") -> 1
D64: =SUM(D40:D63) -> 21 | E64: =SUM(E40:E63) -> 21 | F64: =SUM(F40:F63) -> 21 | G64: =SUM(G40:G63) -> 0 | H64: =SUM(H40:H63) -> #DIV/0! | I64: =SUM(I40:I63) -> 21 | J64: =SUM(J40:J63) -> 21
B67: =B13 -> Mass | G67: =+G13 -> 0 | H67: =+H13 -> 0 | I67: =+I13 -> 0 | J67: =ABS(G67-H67) -> 0 | K67: =ABS(I67-G67) -> 0 | L67: =ABS(H67-I67) -> 0 | M67: =IF(J67=MIN(J67:L67),G67,IF(K67=MIN(J67:L67),G67,H67)) -> 0 | N67: =IF(J67=MIN(J67:L67),H67,IF(K67=MIN(J67:L67),I67,I67)) -> 0
B68: =B14 -> Stature | G68: =+G14 -> 0 | H68: =+H14 -> 0 | I68: =+I14 -> 0 | J68: =ABS(G68-H68) -> 0 | K68: =ABS(I68-G68) -> 0 | L68: =ABS(H68-I68) -> 0 | M68: =IF(J68=MIN(J68:L68),G68,IF(K68=MIN(J68:L68),G68,H68)) -> 0 | N68: =IF(J68=MIN(J68:L68),H68,IF(K68=MIN(J68:L68),I68,I68)) -> 0
B69: =B15 -> Sitting height | G69: =+G15 -> 0 | H69: =+H15 -> 0 | I69: =+I15 -> 0 | J69: =ABS(G69-H69) -> 0 | K69: =ABS(I69-G69) -> 0 | L69: =ABS(H69-I69) -> 0 | M69: =IF(J69=MIN(J69:L69),G69,IF(K69=MIN(J69:L69),G69,H69)) -> 0 | N69: =IF(J69=MIN(J69:L69),H69,IF(K69=MIN(J69:L69),I69,I69)) -> 0
B70: =B16 -> Arm Span | G70: =+G16 -> 0 | H70: =+H16 -> 0 | I70: =+I16 -> 0 | J70: =ABS(G70-H70) -> 0 | K70: =ABS(I70-G70) -> 0 | L70: =ABS(H70-I70) -> 0 | M70: =IF(J70=MIN(J70:L70),G70,IF(K70=MIN(J70:L70),G70,H70)) -> 0 | N70: =IF(J70=MIN(J70:L70),H70,IF(K70=MIN(J70:L70),I70,I70)) -> 0
B71: =B17 -> Triceps sf | G71: =+G17 -> 0 | H71: =+H17 -> 0 | I71: =+I17 -> 0 | J71: =ABS(G71-H71) -> 0 | K71: =ABS(I71-G71) -> 0 | L71: =ABS(H71-I71) -> 0 | M71: =IF(J71=MIN(J71:L71),G71,IF(K71=MIN(J71:L71),G71,H71)) -> 0 | N71: =IF(J71=MIN(J71:L71),H71,IF(K71=MIN(J71:L71),I71,I71)) -> 0
B72: =B18 -> Subscapular sf | G72: =+G18 -> 0 | H72: =+H18 -> 0 | I72: =+I18 -> 0 | J72: =ABS(G72-H72) -> 0 | K72: =ABS(I72-G72) -> 0 | L72: =ABS(H72-I72) -> 0 | M72: =IF(J72=MIN(J72:L72),G72,IF(K72=MIN(J72:L72),G72,H72)) -> 0 | N72: =IF(J72=MIN(J72:L72),H72,IF(K72=MIN(J72:L72),I72,I72)) -> 0
B73: =B19 -> Biceps sf | G73: =+G19 -> 0 | H73: =+H19 -> 0 | I73: =+I19 -> 0 | J73: =ABS(G73-H73) -> 0 | K73: =ABS(I73-G73) -> 0 | L73: =ABS(H73-I73) -> 0 | M73: =IF(J73=MIN(J73:L73),G73,IF(K73=MIN(J73:L73),G73,H73)) -> 0 | N73: =IF(J73=MIN(J73:L73),H73,IF(K73=MIN(J73:L73),I73,I73)) -> 0
B74: =B20 -> Iliac crest sf | G74: =+G20 -> 0 | H74: =+H20 -> 0 | I74: =+I20 -> 0 | J74: =ABS(G74-H74) -> 0 | K74: =ABS(I74-G74) -> 0 | L74: =ABS(H74-I74) -> 0 | M74: =IF(J74=MIN(J74:L74),G74,IF(K74=MIN(J74:L74),G74,H74)) -> 0 | N74: =IF(J74=MIN(J74:L74),H74,IF(K74=MIN(J74:L74),I74,I74)) -> 0
B75: =B21 -> Supraspinale sf | G75: =+G21 -> 0 | H75: =+H21 -> 0 | I75: =+I21 -> 0 | J75: =ABS(G75-H75) -> 0 | K75: =ABS(I75-G75) -> 0 | L75: =ABS(H75-I75) -> 0 | M75: =IF(J75=MIN(J75:L75),G75,IF(K75=MIN(J75:L75),G75,H75)) -> 0 | N75: =IF(J75=MIN(J75:L75),H75,IF(K75=MIN(J75:L75),I75,I75)) -> 0
B76: =B22 -> Abdominal sf | G76: =+G22 -> 0 | H76: =+H22 -> 0 | I76: =+I22 -> 0 | J76: =ABS(G76-H76) -> 0 | K76: =ABS(I76-G76) -> 0 | L76: =ABS(H76-I76) -> 0 | M76: =IF(J76=MIN(J76:L76),G76,IF(K76=MIN(J76:L76),G76,H76)) -> 0 | N76: =IF(J76=MIN(J76:L76),H76,IF(K76=MIN(J76:L76),I76,I76)) -> 0
B77: =B23 -> Thigh sf | G77: =+G23 -> 0 | H77: =+H23 -> 0 | I77: =+I23 -> 0 | J77: =ABS(G77-H77) -> 0 | K77: =ABS(I77-G77) -> 0 | L77: =ABS(H77-I77) -> 0 | M77: =IF(J77=MIN(J77:L77),G77,IF(K77=MIN(J77:L77),G77,H77)) -> 0 | N77: =IF(J77=MIN(J77:L77),H77,IF(K77=MIN(J77:L77),I77,I77)) -> 0
B78: =B24 -> Calf sf | G78: =+G24 -> 0 | H78: =+H24 -> 0 | I78: =+I24 -> 0 | J78: =ABS(G78-H78) -> 0 | K78: =ABS(I78-G78) -> 0 | L78: =ABS(H78-I78) -> 0 | M78: =IF(J78=MIN(J78:L78),G78,IF(K78=MIN(J78:L78),G78,H78)) -> 0 | N78: =IF(J78=MIN(J78:L78),H78,IF(K78=MIN(J78:L78),I78,I78)) -> 0
B79: =B25 -> Arm girth relaxed | G79: =+G25 -> 0 | H79: =+H25 -> 0 | I79: =+I25 -> 0 | J79: =ABS(G79-H79) -> 0 | K79: =ABS(I79-G79) -> 0 | L79: =ABS(H79-I79) -> 0 | M79: =IF(J79=MIN(J79:L79),G79,IF(K79=MIN(J79:L79),G79,H79)) -> 0 | N79: =IF(J79=MIN(J79:L79),H79,IF(K79=MIN(J79:L79),I79,I79)) -> 0
B80: =B27 -> Arm girth flexed and tensed | G80: =+G27 -> 0 | H80: =+H27 -> 0 | I80: =+I27 -> 0 | J80: =ABS(G80-H80) -> 0 | K80: =ABS(I80-G80) -> 0 | L80: =ABS(H80-I80) -> 0 | M80: =IF(J80=MIN(J80:L80),G80,IF(K80=MIN(J80:L80),G80,H80)) -> 0 | N80: =IF(J80=MIN(J80:L80),H80,IF(K80=MIN(J80:L80),I80,I80)) -> 0
B81: =B28 -> Waist girth | G81: =+G28 -> 0 | H81: =+H28 -> 0 | I81: =+I28 -> 0 | J81: =ABS(G81-H81) -> 0 | K81: =ABS(I81-G81) -> 0 | L81: =ABS(H81-I81) -> 0 | M81: =IF(J81=MIN(J81:L81),G81,IF(K81=MIN(J81:L81),G81,H81)) -> 0 | N81: =IF(J81=MIN(J81:L81),H81,IF(K81=MIN(J81:L81),I81,I81)) -> 0
B82: =B29 -> Hips girth | G82: =+G29 -> 0 | H82: =+H29 -> 0 | I82: =+I29 -> 0 | J82: =ABS(G82-H82) -> 0 | K82: =ABS(I82-G82) -> 0 | L82: =ABS(H82-I82) -> 0 | M82: =IF(J82=MIN(J82:L82),G82,IF(K82=MIN(J82:L82),G82,H82)) -> 0 | N82: =IF(J82=MIN(J82:L82),H82,IF(K82=MIN(J82:L82),I82,I82)) -> 0
B83: =B30 -> Thigh middle girth | G83: =+G30 -> 0 | H83: =+H30 -> 0 | I83: =+I30 -> 0 | J83: =ABS(G83-H83) -> 0 | K83: =ABS(I83-G83) -> 0 | L83: =ABS(H83-I83) -> 0 | M83: =IF(J83=MIN(J83:L83),G83,IF(K83=MIN(J83:L83),G83,H83)) -> 0 | N83: =IF(J83=MIN(J83:L83),H83,IF(K83=MIN(J83:L83),I83,I83)) -> 0
B84: =B32 -> Calf girth | G84: =+G32 -> 0 | H84: =+H32 -> 0 | I84: =+I32 -> 0 | J84: =ABS(G84-H84) -> 0 | K84: =ABS(I84-G84) -> 0 | L84: =ABS(H84-I84) -> 0 | M84: =IF(J84=MIN(J84:L84),G84,IF(K84=MIN(J84:L84),G84,H84)) -> 0 | N84: =IF(J84=MIN(J84:L84),H84,IF(K84=MIN(J84:L84),I84,I84)) -> 0
B85: =B34 -> Humerus breadth | G85: =+G34 -> 0 | H85: =+H34 -> 0 | I85: =+I34 -> 0 | J85: =ABS(G85-H85) -> 0 | K85: =ABS(I85-G85) -> 0 | L85: =ABS(H85-I85) -> 0 | M85: =IF(J85=MIN(J85:L85),G85,IF(K85=MIN(J85:L85),G85,H85)) -> 0 | N85: =IF(J85=MIN(J85:L85),H85,IF(K85=MIN(J85:L85),I85,I85)) -> 0
B86: =B35 -> Bi-styloid breadth | G86: =+G35 -> 0 | H86: =+H35 -> 0 | I86: =+I35 -> 0 | J86: =ABS(G86-H86) -> 0 | K86: =ABS(I86-G86) -> 0 | L86: =ABS(H86-I86) -> 0 | M86: =IF(J86=MIN(J86:L86),G86,IF(K86=MIN(J86:L86),G86,H86)) -> 0 | N86: =IF(J86=MIN(J86:L86),H86,IF(K86=MIN(J86:L86),I86,I86)) -> 0
B87: =B36 -> Femur breadth | G87: =+G36 -> 0 | H87: =+H36 -> 0 | I87: =+I36 -> 0 | J87: =ABS(G87-H87) -> 0 | K87: =ABS(I87-G87) -> 0 | L87: =ABS(H87-I87) -> 0 | M87: =IF(J87=MIN(J87:L87),G87,IF(K87=MIN(J87:L87),G87,H87)) -> 0 | N87: =IF(J87=MIN(J87:L87),H87,IF(K87=MIN(J87:L87),I87,I87)) -> 0

Sheet 7.
B2: =IF(Info!D34,"ISAK RESTRICTED PROFORMA","PROFORMA PERFIL RESTRINGIDO ISAK") -> ISAK RESTRICTED PROFORMA | R2: =IF(Info!D34,"ISAK PROFORMA PRINTOUT","INFORME PROFORMA ISAK") -> ISAK PROFORMA PRINTOUT
B4: =IF(Info!D34,"Name","Nombre") -> Name | G4: Joaquin | R4: =+B4 -> Name | U4: =+G4 -> Joaquin
B5: =IF(Info!D34,"Surname","Apellidos") -> Surname | G5: Camborda | R5: =+B5 -> Surname | U5: =+G5 -> Camborda
B6: =IF(Info!D34,"Country","País") -> Country | G6: Perú | R6: =+B6 -> Country | U6: =+G6 -> Perú
B7: =IF(Info!D34,"Ethnicity (Asian=1; African-American=2; Caucasian=3)","Raza (asiático=1; afro-americano=2; caucásico=3)") -> Ethnicity (Asian=1; African-American=2; Caucasian=3) | G7: 3 | R7: =+B7 -> Ethnicity (Asian=1; African-American=2; Caucasian=3) | U7: =+G7 -> 3
B8: =IF(Info!D34,"Sex (male=1, female=2)","Sexo (hombre=1, mujer=2)") -> Sex (male=1, female=2) | G8: 1 | R8: =+B8 -> Sex (male=1, female=2) | U8: =+G8 -> 1
B9: =IF(Info!D34,"Sport","Deporte") -> Sport | G9: Gym | R9: =+B9 -> Sport | U9: =+G9 -> Gym
B10: =IF(Info!D34,"Date of Measurement","Fecha de la valoración") -> Date of Measurement | G10: 44308 | R10: =+B10 -> Date of Measurement | U10: =+G10 -> 44308
B11: =IF(Info!D34,"Date of Birth","Fecha de nacimiento") -> Date of Birth | G11: 36193 | K11: =IF(Info!D34,"3rd measure?","¿3ª medida?") -> 3rd measure? | N11: =IF(Info!D34,"Mean or Median","Media o Mediana") -> Mean or Median | R11: =+B11 -> Date of Birth | U11: =+G11 -> 36193
B12: =IF(Info!D34,"Measure","Medida") -> Measure | G12: 1 | H12: 2 | I12: 3 | U12: =IF(Info!D34,"Value", "Valor") -> Value | W12: =IF(Info!D34,"Phantom Z-value","Valor Z del Phantom") -> Phantom Z-value
B13: =IF(Info!D34,"Mass","Masa corporal") -> Mass | G13: 77.4 | H13: 77.4 | K13: =+(H13-G13)/(AVERAGE(G13:H13)) -> 0 | L13: =IF(ABS(K13)>1%,"Yes","No") -> No | N13: =IF(I13=0,AVERAGE(G13,H13),MEDIAN(G13,H13,I13)) -> 77.4 | R13: =+B13 -> Mass | U13: =+N13 -> 77.4 | V13: kg | W13: =1/8.6*(+U13*((170.18/U$14)^3)-64.58) -> 0.62705595
B14: =IF(Info!D34,"Stature","Talla") -> Stature | G14: 176 | H14: 176 | K14: =+(H14-G14)/(AVERAGE(G14:H14)) -> 0 | L14: =IF(ABS(K14)>1%,"Yes","No") -> No | N14: =IF(I14=0,AVERAGE(G14,H14),MEDIAN(G14,H14,I14)) -> 176 | R14: =+B14 -> Stature | U14: =+N14 -> 176 | V14: cm
B15: =IF(Info!D34,"Sitting height","Talla sentado") -> Sitting height | G15: 94.5 | H15: 94.5 | K15: =+(H15-G15)/(AVERAGE(G15:H15)) -> 0 | L15: =IF(ABS(K15)>1%,"Yes","No") -> No | N15: =IF(I15=0,AVERAGE(G15,H15),MEDIAN(G15,H15,I15)) -> 94.5 | R15: =+B15 -> Sitting height | U15: =+N15 -> 94.5 | V15: cm | W15: =1/4.5*(+U15*((170.18/U$14)^1)-89.92) -> 0.32334596
B16: =IF(Info!D34,"Arm Span","Envergadura de brazos") -> Arm Span | G16: 170.3 | H16: 170 | K16: =+(H16-G16)/(AVERAGE(G16:H16)) -> -0.0017631502 | L16: =IF(ABS(K16)>1%,"Yes","No") -> No | N16: =IF(I16=0,AVERAGE(G16,H16),MEDIAN(G16,H16,I16)) -> 170.15 | R16: =+B16 -> Arm Span | U16: =+N16 -> 170.15 | V16: cm | W16: =1/7.41*(+U16*((170.18/U$14)^1)-172.35) -> -1.0562147
B17: =IF(Info!D34,"Triceps sf","PL Tríceps") -> Triceps sf | G17: 6 | H17: 6 | K17: =+(H17-G17)/(AVERAGE(G17:H17)) -> 0 | L17: =IF(ABS(K17)>5%,"Yes","No") -> No | N17: =IF(I17=0,AVERAGE(G17,H17),MEDIAN(G17,H17,I17)) -> 6 | R17: =+B17 -> Triceps sf | U17: =+N17 -> 6 | V17: mm | W17: =1/4.47*(+U17*((170.18/U$14)^1)-15.4) -> -2.1472951
B18: =IF(Info!D34,"Subscapular sf","PL Subescapular") -> Subscapular sf | G18: 13 | H18: 13 | K18: =+(H18-G18)/(AVERAGE(G18:H18)) -> 0 | L18: =IF(ABS(K18)>5%,"Yes","No") -> No | N18: =IF(I18=0,AVERAGE(G18,H18),MEDIAN(G18,H18,I18)) -> 13 | R18: =+B18 -> Subscapular sf | U18: =+N18 -> 13 | V18: mm | W18: =1/5.07*(+U18*((170.18/U$14)^1)-17.2) -> -0.91319258
B19: =IF(Info!D34,"Biceps sf","PL Bíceps") -> Biceps sf | G19: 3.5 | H19: 3.5 | K19: =+(H19-G19)/(AVERAGE(G19:H19)) -> 0 | L19: =IF(ABS(K19)>5%,"Yes","No") -> No | N19: =IF(I19=0,AVERAGE(G19,H19),MEDIAN(G19,H19,I19)) -> 3.5 | R19: =+B19 -> Biceps sf | U19: =+N19 -> 3.5 | V19: mm | W19: =1/2*(+U19*((170.18/U$14)^1)-8) -> -2.3078693
B20: =IF(Info!D34,"Iliac crest sf","PL Cresta Iliaca") -> Iliac crest sf | G20: 13.5 | H20: 14 | I20: 14 | K20: =+(H20-G20)/(AVERAGE(G20:H20)) -> 0.036363636 | L20: =IF(ABS(K20)>5%,"Yes","No") -> No | N20: =IF(I20=0,AVERAGE(G20,H20),MEDIAN(G20,H20,I20)) -> 14 | R20: =+B20 -> Iliac crest sf | U20: =+N20 -> 14 | V20: mm | W20: =1/6.8*(+U20*((170.18/U$14)^1)-22.4) -> -1.3033757
B21: =IF(Info!D34,"Supraspinale sf","PL Supraespinal") -> Supraspinale sf | G21: 5 | H21: 5 | K21: =+(H21-G21)/(AVERAGE(G21:H21)) -> 0 | L21: =IF(ABS(K21)>5%,"Yes","No") -> No | N21: =IF(I21=0,AVERAGE(G21,H21),MEDIAN(G21,H21,I21)) -> 5 | R21: =+B21 -> Supraspinale sf | U21: =+N21 -> 5 | V21: mm | W21: =1/4.47*(+U21*((170.18/U$14)^1)-15.4) -> -2.3636109
B22: =IF(Info!D34,"Abdominal sf","PL Abdominal") -> Abdominal sf | G22: 7.5 | H22: 7.5 | K22: =+(H22-G22)/(AVERAGE(G22:H22)) -> 0 | L22: =IF(ABS(K22)>5%,"Yes","No") -> No | N22: =IF(I22=0,AVERAGE(G22,H22),MEDIAN(G22,H22,I22)) -> 7.5 | R22: =+B22 -> Abdominal sf | U22: =+N22 -> 7.5 | V22: mm | W22: =1/7.78*(+U22*((170.18/U$14)^1)-25.4) -> -2.3326493
B23: =IF(Info!D34,"Thigh sf","PL Muslo") -> Thigh sf | G23: 9 | H23: 9 | K23: =+(H23-G23)/(AVERAGE(G23:H23)) -> 0 | L23: =IF(ABS(K23)>5%,"Yes","No") -> No | N23: =IF(I23=0,AVERAGE(G23,H23),MEDIAN(G23,H23,I23)) -> 9 | R23: =+B23 -> Thigh sf | U23: =+N23 -> 9 | V23: mm | W23: =1/8.33*(+U23*((170.18/U$14)^1)-27) -> -2.1965923
B24: =IF(Info!D34,"Calf sf","PL Pierna") -> Calf sf | G24: 5.5 | H24: 5.5 | K24: =+(H24-G24)/(AVERAGE(G24:H24)) -> 0 | L24: =IF(ABS(K24)>5%,"Yes","No") -> No | N24: =IF(I24=0,AVERAGE(G24,H24),MEDIAN(G24,H24,I24)) -> 5.5 | R24: =+B24 -> Calf sf | U24: =+N24 -> 5.5 | V24: mm | W24: =1/4.67*(+U24*((170.18/U$14)^1)-16) -> -2.2873394
B25: =IF(Info!D34,"Arm girth relaxed","PR Brazo relajado") -> Arm girth relaxed | G25: 34.8 | H25: 34.8 | K25: =+(H25-G25)/(AVERAGE(G25:H25)) -> 0 | L25: =IF(ABS(K25)>1%,"Yes","No") -> No | N25: =IF(I25=0,AVERAGE(G25,H25),MEDIAN(G25,H25,I25)) -> 34.8 | R25: =+B25 -> Arm girth relaxed | U25: =+N25 -> 34.8 | V25: cm | W25: =1/2.33*(+U25*((170.18/U$14)^1)-26.89) -> 2.9009559
B26: =IF(Info!D34,"Corrected arm girth","PR Brazo corregido") -> Corrected arm girth | R26: =+B26 -> Corrected arm girth | U26: =+U25-(PI()*U17/10) -> 32.915044 | V26: cm | W26: =1/1.91*(+U26*((170.18/U$14)^1)-22.05) -> 5.1186407
B27: =IF(Info!D34,"Arm girth flexed and tensed","PR Brazo flexionado y contraído") -> Arm girth flexed and tensed | G27: 83.2 | H27: 38.3 | I27: 38.3 | K27: =+(H27-G27)/(AVERAGE(G27:H27)) -> -0.73909465 | L27: =IF(ABS(K27)>1%,"Yes","No") -> Yes | N27: =IF(I27=0,AVERAGE(G27,H27),MEDIAN(G27,H27,I27)) -> 38.3 | R27: =+B27 -> Arm girth flexed and tensed | U27: =+N27 -> 38.3 | V27: cm | W27: =1/2.37*(+U27*((170.18/U$14)^1)-29.41) -> 3.2166619
B28: =IF(Info!D34,"Waist girth","PR Cintura") -> Waist girth | G28: 77.5 | H28: 77.5 | K28: =+(H28-G28)/(AVERAGE(G28:H28)) -> 0 | L28: =IF(ABS(K28)>1%,"Yes","No") -> No | N28: =IF(I28=0,AVERAGE(G28,H28),MEDIAN(G28,H28,I28)) -> 77.5 | R28: =+B28 -> Waist girth | U28: =+N28 -> 77.5 | V28: cm | W28: =1/4.45*(+U28*((170.18/U$14)^1)-71.91) -> 0.68027324
B29: =IF(Info!D34,"Hips girth","PR Caderas") -> Hips girth | G29: 93 | H29: 93 | K29: =+(H29-G29)/(AVERAGE(G29:H29)) -> 0 | L29: =IF(ABS(K29)>1%,"Yes","No") -> No | N29: =IF(I29=0,AVERAGE(G29,H29),MEDIAN(G29,H29,I29)) -> 93 | R29: =+B29 -> Hips girth | U29: =+N29 -> 93 | V29: cm | W29: =1/5.58*(+U29*((170.18/U$14)^1)-94.67) -> -0.85041952
B30: =IF(Info!D34,"Thigh middle girth","PR Muslo medio") -> Thigh middle girth | G30: 53 | H30: 53 | K30: =+(H30-G30)/(AVERAGE(G30:H30)) -> 0 | L30: =IF(ABS(K30)>1%,"Yes","No") -> No | N30: =IF(I30=0,AVERAGE(G30,H30),MEDIAN(G30,H30,I30)) -> 53 | R30: =+B30 -> Thigh middle girth | U30: =+N30 -> 53 | V30: cm | W30: =1/4.56*(+U30*((170.18/U$14)^1)-53.2) -> -0.42820474
B31: =IF(Info!D34,"Corrected thigh girth","PR Muslo corregido") -> Corrected thigh girth | R31: =+B31 -> Corrected thigh girth | U31: =+U30-(PI()*U23/10) -> 50.172567 | V31: cm | W31: =1/3.59*(+U31*((170.18/U$14)^1)-47.34) -> 0.32686659
B32: =IF(Info!D34,"Calf girth","PR Pierna") -> Calf girth | G32: 37 | H32: 37 | K32: =+(H32-G32)/(AVERAGE(G32:H32)) -> 0 | L32: =IF(ABS(K32)>1%,"Yes","No") -> No | N32: =IF(I32=0,AVERAGE(G32,H32),MEDIAN(G32,H32,I32)) -> 37 | R32: =+B32 -> Calf girth | U32: =+N32 -> 37 | V32: cm | W32: =1/2.3*(+U32*((170.18/U$14)^1)-35.25) -> 0.22890316
B33: =IF(Info!D34,"Corrected calf girth","PR Pierna corregido") -> Corrected calf girth | R33: =+B33 -> Corrected calf girth | U33: =+U32-(PI()*U24/10) -> 35.272124 | V33: cm | W33: =1/1.97*(+U33*((170.18/U$14)^1)-30.22) -> 1.9724564
B34: =IF(Info!D34,"Humerus breadth","D Húmero") -> Humerus breadth | G34: 7.1 | H34: 7.1 | K34: =+(H34-G34)/(AVERAGE(G34:H34)) -> 0 | L34: =IF(ABS(K34)>1%,"Yes","No") -> No | N34: =IF(I34=0,AVERAGE(G34,H34),MEDIAN(G34,H34,I34)) -> 7.1 | R34: =+B34 -> Humerus breadth | U34: =+N34 -> 7.1 | V34: cm | W34: =1/0.35*(+U34*((170.18/U$14)^1)-6.48) -> 1.1006169
B35: =IF(Info!D34,"Bi-styloid breadth","D Biestiloideo") -> Bi-styloid breadth | G35: 5.8 | H35: 5.8 | K35: =+(H35-G35)/(AVERAGE(G35:H35)) -> 0 | L35: =IF(ABS(K35)>1%,"Yes","No") -> No | N35: =IF(I35=0,AVERAGE(G35,H35),MEDIAN(G35,H35,I35)) -> 5.8 | R35: =+B35 -> Bi-styloid breadth | U35: =+N35 -> 5.8 | V35: cm | W35: =1/0.28*(+U35*((170.18/U$14)^1)-5.21) -> 1.4221591
B36: =IF(Info!D34,"Femur breadth","D Fémur") -> Femur breadth | G36: 10.3 | H36: 10.2 | I36: 10.2 | K36: =+(H36-G36)/(AVERAGE(G36:H36)) -> -0.0097560976 | L36: =IF(ABS(K36)>1%,"Yes","No") -> No | N36: =IF(I36=0,AVERAGE(G36,H36),MEDIAN(G36,H36,I36)) -> 10.2 | R36: =+B36 -> Femur breadth | U36: =+N36 -> 10.2 | V36: cm | W36: =1/0.48*(+U36*((170.18/U$14)^1)-9.52) -> 0.7139678
D39: 1ª Vs 2ª | E39: 1ªVs 3ª | F39: 2ª Vs 3ª | G39: =IF(Info!D34,"3rd measure taken?","¿3ª medida tomada?") -> 3rd measure taken? | H39: =IF(Info!D34,"3rd measure requested?","¿3ª medida solicitada?") -> 3rd measure requested? | I39: =IF(Info!D34,"He/she has not done 1st measure","No se ha realizado la 1ª medición") -> He/she has not done 1st measure | J39: =IF(Info!E34,"He/she has not done 2nd measure","No se ha realizado la 2ª medición") -> No se ha realizado la 2ª medición
B40: =B13 -> Mass | D40: =IF(G13=H13,1,0) -> 1 | E40: =IF(G13=I13,1,0) -> 0 | F40: =IF(H13=I13,1,0) -> 0 | G40: =IF(I13="",0,1) -> 0 | H40: =IF(L13="Yes",1,0) -> 0 | I40: =COUNTIF(G13,"") -> 0 | J40: =COUNTIF(H13,"") -> 0 | S40: ='3'!S40 -> Somatotype | T40: =IF(Info!D34,"Endomorphy","Endomorfia") -> Endomorphy | U40: =-0.7182+0.1451*((U17+U18+U21)*(170.18/U14))-0.00068*(((U17+U18+U21)*(170.18/U14))^2)+0.0000014*(((U17+U18+U21)*(170.18/U14))^3) -> 2.3003358
B41: =B14 -> Stature | D41: =IF(G14=H14,1,0) -> 1 | E41: =IF(G14=I14,1,0) -> 0 | F41: =IF(H14=I14,1,0) -> 0 | G41: =IF(I14="",0,1) -> 0 | H41: =IF(L14="Yes",1,0) -> 0 | I41: =COUNTIF(G14,"") -> 0 | J41: =COUNTIF(H14,"") -> 0 | S41: ='3'!S41 -> (Heath-Carter) | T41: =IF(Info!D34,"Mesomorphy","Mesomorfia") -> Mesomorphy | U41: =(0.858*U34)+(0.601*U36)+(0.188*(U27-(U17/10)))+(0.161*(U32-(U24/10)))-(0.131*U14)+4.5 -> 6.62205
B42: =B15 -> Sitting height | D42: =IF(G15=H15,1,0) -> 1 | E42: =IF(G15=I15,1,0) -> 0 | F42: =IF(H15=I15,1,0) -> 0 | G42: =IF(I15="",0,1) -> 0 | H42: =IF(L15="Yes",1,0) -> 0 | I42: =COUNTIF(G15,"") -> 0 | J42: =COUNTIF(H15,"") -> 0 | T42: =IF(Info!D34,"Ectomorphy","Ectomorfia") -> Ectomorphy | U42: =IF(V42>40.75,((0.732*V42)-28.58),IF(V42>38.28,((0.463*V42)-17.63),0.1)) -> 1.6503676 | V42: =U14/(U13^(1/3)) -> 41.298316
B43: =B16 -> Arm Span | D43: =IF(G16=H16,1,0) -> 0 | E43: =IF(G16=I16,1,0) -> 0 | F43: =IF(H16=I16,1,0) -> 0 | G43: =IF(I16="",0,1) -> 0 | H43: =IF(L16="Yes",1,0) -> 0 | I43: =COUNTIF(G16,"") -> 0 | J43: =COUNTIF(H16,"") -> 0
B44: =B17 -> Triceps sf | D44: =IF(G17=H17,1,0) -> 1 | E44: =IF(G17=I17,1,0) -> 0 | F44: =IF(H17=I17,1,0) -> 0 | G44: =IF(I17="",0,1) -> 0 | H44: =IF(L17="Yes",1,0) -> 0 | I44: =COUNTIF(G17,"") -> 0 | J44: =COUNTIF(H17,"") -> 0 | S44: ='3'!S44 -> Body Mass Index (MBI) | U44: =+U13/(U14/100)^2 -> 24.987087 | V44: ='3'!V44 -> kg/m2
B45: =B18 -> Subscapular sf | D45: =IF(G18=H18,1,0) -> 1 | E45: =IF(G18=I18,1,0) -> 0 | F45: =IF(H18=I18,1,0) -> 0 | G45: =IF(I18="",0,1) -> 0 | H45: =IF(L18="Yes",1,0) -> 0 | I45: =COUNTIF(G18,"") -> 0 | J45: =COUNTIF(H18,"") -> 0
B46: =B19 -> Biceps sf | D46: =IF(G19=H19,1,0) -> 1 | E46: =IF(G19=I19,1,0) -> 0 | F46: =IF(H19=I19,1,0) -> 0 | G46: =IF(I19="",0,1) -> 0 | H46: =IF(L19="Yes",1,0) -> 0 | I46: =COUNTIF(G19,"") -> 0 | J46: =COUNTIF(H19,"") -> 0 | S46: ='3'!S46 -> Waist/Hip ratio | U46: =+U28/U29 -> 0.83333333
B47: =B20 -> Iliac crest sf | D47: =IF(G20=H20,1,0) -> 0 | E47: =IF(G20=I20,1,0) -> 0 | F47: =IF(H20=I20,1,0) -> 1 | G47: =IF(I20="",0,1) -> 1 | H47: =IF(L20="Yes",1,0) -> 0 | I47: =COUNTIF(G20,"") -> 0 | J47: =COUNTIF(H20,"") -> 0
B48: =B21 -> Supraspinale sf | D48: =IF(G21=H21,1,0) -> 1 | E48: =IF(G21=I21,1,0) -> 0 | F48: =IF(H21=I21,1,0) -> 0 | G48: =IF(I21="",0,1) -> 0 | H48: =IF(L21="Yes",1,0) -> 0 | I48: =COUNTIF(G21,"") -> 0 | J48: =COUNTIF(H21,"") -> 0 | S48: ='3'!S48 -> Sum of 6 skinfolds | U48: =SUM(U17:U18,U21:U24) -> 46 | V48: ='3'!V48 -> mm
B49: =B22 -> Abdominal sf | D49: =IF(G22=H22,1,0) -> 1 | E49: =IF(G22=I22,1,0) -> 0 | F49: =IF(H22=I22,1,0) -> 0 | G49: =IF(I22="",0,1) -> 0 | H49: =IF(L22="Yes",1,0) -> 0 | I49: =COUNTIF(G22,"") -> 0 | J49: =COUNTIF(H22,"") -> 0 | S49: ='3'!S49 -> Sum of 8 skinfolds | U49: =SUM(U17:U24) -> 63.5 | V49: ='3'!V49 -> mm
B50: =B23 -> Thigh sf | D50: =IF(G23=H23,1,0) -> 1 | E50: =IF(G23=I23,1,0) -> 0 | F50: =IF(H23=I23,1,0) -> 0 | G50: =IF(I23="",0,1) -> 0 | H50: =IF(L23="Yes",1,0) -> 0 | I50: =COUNTIF(G23,"") -> 0 | J50: =COUNTIF(H23,"") -> 0
B51: =B24 -> Calf sf | D51: =IF(G24=H24,1,0) -> 1 | E51: =IF(G24=I24,1,0) -> 0 | F51: =IF(H24=I24,1,0) -> 0 | G51: =IF(I24="",0,1) -> 0 | H51: =IF(L24="Yes",1,0) -> 0 | I51: =COUNTIF(G24,"") -> 0 | J51: =COUNTIF(H24,"") -> 0 | S51: ='3'!S51 -> Fat percentage | U51: =IF(U8=1,0.735*(U17+U24)+1,0.61*(U17+U24)+5.1) -> 9.4525 | V51: ='3'!V51 -> (Slaughter)
B52: =B25 -> Arm girth relaxed | D52: =IF(G25=H25,1,0) -> 1 | E52: =IF(G25=I25,1,0) -> 0 | F52: =IF(H25=I25,1,0) -> 0 | G52: =IF(I25="",0,1) -> 0 | H52: =IF(L25="Yes",1,0) -> 0 | I52: =COUNTIF(G25,"") -> 0 | J52: =COUNTIF(H25,"") -> 0 | U52: =IF(U8=1,0.153*(U17+U18+U21+U22)+5.783,0.213*(U17+U18+U21+U22)+7.9) -> 10.6025 | V52: ='3'!V52 -> (Faulkner, from Yuhasz)
U53: =IF(U8=1,0.1051*(U48)+2.58,0.1548*(U48)+3.58) -> 7.4146 | V53: ='3'!V53 -> (Carter, from Yuhasz)
B54: =B27 -> Arm girth flexed and tensed | D54: =IF(G27=H27,1,0) -> 0 | E54: =IF(G27=I27,1,0) -> 0 | F54: =IF(H27=I27,1,0) -> 1 | G54: =IF(I27="",0,1) -> 1 | H54: =IF(L27="Yes",1,0) -> 1 | I54: =COUNTIF(G27,"") -> 0 | J54: =COUNTIF(H27,"") -> 0 | S54: ='3'!S54 -> Muscle percentage | U54: =(U14/100*(0.00744*U26^2+0.00088*U31^2+0.00441*U33^2)+(2.4*(IF(U8=1,1,0)))-0.048*((U10-U11)/365.25)+IF(U7="1",-2,IF(U7="2",1.1,0))+7.8)*100/U13 -> 47.642356 | V54: ='3'!V54 -> (Lee)
B55: =B28 -> Waist girth | D55: =IF(G28=H28,1,0) -> 1 | E55: =IF(G28=I28,1,0) -> 0 | F55: =IF(H28=I28,1,0) -> 0 | G55: =IF(I28="",0,1) -> 0 | H55: =IF(L28="Yes",1,0) -> 0 | I55: =COUNTIF(G28,"") -> 0 | J55: =COUNTIF(H28,"") -> 0 | L55: =COUNTIF(L13:L36,"yes") -> 1 | U55: =(U14/100*((0.0064*(U26^2))+(0.0032*(U31^2))+(0.0015*(U33^2)))+(2.56*IF(U8=1,1,0))+(0.136*(U10-U11)/365.25))*100/U13 -> 45.538582 | V55: ='3'!V55 -> (Poortmans)
B56: =B29 -> Hips girth | D56: =IF(G29=H29,1,0) -> 1 | E56: =IF(G29=I29,1,0) -> 0 | F56: =IF(H29=I29,1,0) -> 0 | G56: =IF(I29="",0,1) -> 0 | H56: =IF(L29="Yes",1,0) -> 0 | I56: =COUNTIF(G29,"") -> 0 | J56: =COUNTIF(H29,"") -> 0 | S56: ='3'!S56 -> Bone percentage | U56: =(3.02*(((U14/100)^2)*(U35/100)*(U36/100)*400)^0.712)*100/U13 -> 16.114869 | V56: ='3'!V56 -> (Rocha)
B57: =B30 -> Thigh middle girth | D57: =IF(G30=H30,1,0) -> 1 | E57: =IF(G30=I30,1,0) -> 0 | F57: =IF(H30=I30,1,0) -> 0 | G57: =IF(I30="",0,1) -> 0 | H57: =IF(L30="Yes",1,0) -> 0 | I57: =COUNTIF(G30,"") -> 0 | J57: =COUNTIF(H30,"") -> 0
B59: =B32 -> Calf girth | D59: =IF(G32=H32,1,0) -> 1 | E59: =IF(G32=I32,1,0) -> 0 | F59: =IF(H32=I32,1,0) -> 0 | G59: =IF(I32="",0,1) -> 0 | H59: =IF(L32="Yes",1,0) -> 0 | I59: =COUNTIF(G32,"") -> 0 | J59: =COUNTIF(H32,"") -> 0
B61: =B34 -> Humerus breadth | D61: =IF(G34=H34,1,0) -> 1 | E61: =IF(G34=I34,1,0) -> 0 | F61: =IF(H34=I34,1,0) -> 0 | G61: =IF(I34="",0,1) -> 0 | H61: =IF(L34="Yes",1,0) -> 0 | I61: =COUNTIF(G34,"") -> 0 | J61: =COUNTIF(H34,"") -> 0
B62: =B35 -> Bi-styloid breadth | D62: =IF(G35=H35,1,0) -> 1 | E62: =IF(G35=I35,1,0) -> 0 | F62: =IF(H35=I35,1,0) -> 0 | G62: =IF(I35="",0,1) -> 0 | H62: =IF(L35="Yes",1,0) -> 0 | I62: =COUNTIF(G35,"") -> 0 | J62: =COUNTIF(H35,"") -> 0
B63: =B36 -> Femur breadth | D63: =IF(G36=H36,1,0) -> 0 | E63: =IF(G36=I36,1,0) -> 0 | F63: =IF(H36=I36,1,0) -> 1 | G63: =IF(I36="",0,1) -> 1 | H63: =IF(L36="Yes",1,0) -> 0 | I63: =COUNTIF(G36,"") -> 0 | J63: =COUNTIF(H36,"") -> 0
D64: =SUM(D40:D63) -> 17 | E64: =SUM(E40:E63) -> 0 | F64: =SUM(F40:F63) -> 3 | G64: =SUM(G40:G63) -> 3 | H64: =SUM(H40:H63) -> 1 | I64: =SUM(I40:I63) -> 0 | J64: =SUM(J40:J63) -> 0
B67: =B13 -> Mass | G67: =+G13 -> 77.4 | H67: =+H13 -> 77.4 | I67: =+I13 -> 0 | J67: =ABS(G67-H67) -> 0 | K67: =ABS(I67-G67) -> 77.4 | L67: =ABS(H67-I67) -> 77.4 | M67: =IF(J67=MIN(J67:L67),G67,IF(K67=MIN(J67:L67),G67,H67)) -> 77.4 | N67: =IF(J67=MIN(J67:L67),H67,IF(K67=MIN(J67:L67),I67,I67)) -> 77.4
B68: =B14 -> Stature | G68: =+G14 -> 176 | H68: =+H14 -> 176 | I68: =+I14 -> 0 | J68: =ABS(G68-H68) -> 0 | K68: =ABS(I68-G68) -> 176 | L68: =ABS(H68-I68) -> 176 | M68: =IF(J68=MIN(J68:L68),G68,IF(K68=MIN(J68:L68),G68,H68)) -> 176 | N68: =IF(J68=MIN(J68:L68),H68,IF(K68=MIN(J68:L68),I68,I68)) -> 176
B69: =B15 -> Sitting height | G69: =+G15 -> 94.5 | H69: =+H15 -> 94.5 | I69: =+I15 -> 0 | J69: =ABS(G69-H69) -> 0 | K69: =ABS(I69-G69) -> 94.5 | L69: =ABS(H69-I69) -> 94.5 | M69: =IF(J69=MIN(J69:L69),G69,IF(K69=MIN(J69:L69),G69,H69)) -> 94.5 | N69: =IF(J69=MIN(J69:L69),H69,IF(K69=MIN(J69:L69),I69,I69)) -> 94.5
B70: =B16 -> Arm Span | G70: =+G16 -> 170.3 | H70: =+H16 -> 170 | I70: =+I16 -> 0 | J70: =ABS(G70-H70) -> 0.3 | K70: =ABS(I70-G70) -> 170.3 | L70: =ABS(H70-I70) -> 170 | M70: =IF(J70=MIN(J70:L70),G70,IF(K70=MIN(J70:L70),G70,H70)) -> 170.3 | N70: =IF(J70=MIN(J70:L70),H70,IF(K70=MIN(J70:L70),I70,I70)) -> 170
B71: =B17 -> Triceps sf | G71: =+G17 -> 6 | H71: =+H17 -> 6 | I71: =+I17 -> 0 | J71: =ABS(G71-H71) -> 0 | K71: =ABS(I71-G71) -> 6 | L71: =ABS(H71-I71) -> 6 | M71: =IF(J71=MIN(J71:L71),G71,IF(K71=MIN(J71:L71),G71,H71)) -> 6 | N71: =IF(J71=MIN(J71:L71),H71,IF(K71=MIN(J71:L71),I71,I71)) -> 6
B72: =B18 -> Subscapular sf | G72: =+G18 -> 13 | H72: =+H18 -> 13 | I72: =+I18 -> 0 | J72: =ABS(G72-H72) -> 0 | K72: =ABS(I72-G72) -> 13 | L72: =ABS(H72-I72) -> 13 | M72: =IF(J72=MIN(J72:L72),G72,IF(K72=MIN(J72:L72),G72,H72)) -> 13 | N72: =IF(J72=MIN(J72:L72),H72,IF(K72=MIN(J72:L72),I72,I72)) -> 13
B73: =B19 -> Biceps sf | G73: =+G19 -> 3.5 | H73: =+H19 -> 3.5 | I73: =+I19 -> 0 | J73: =ABS(G73-H73) -> 0 | K73: =ABS(I73-G73) -> 3.5 | L73: =ABS(H73-I73) -> 3.5 | M73: =IF(J73=MIN(J73:L73),G73,IF(K73=MIN(J73:L73),G73,H73)) -> 3.5 | N73: =IF(J73=MIN(J73:L73),H73,IF(K73=MIN(J73:L73),I73,I73)) -> 3.5
B74: =B20 -> Iliac crest sf | G74: =+G20 -> 13.5 | H74: =+H20 -> 14 | I74: =+I20 -> 14 | J74: =ABS(G74-H74) -> 0.5 | K74: =ABS(I74-G74) -> 0.5 | L74: =ABS(H74-I74) -> 0 | M74: =IF(J74=MIN(J74:L74),G74,IF(K74=MIN(J74:L74),G74,H74)) -> 14 | N74: =IF(J74=MIN(J74:L74),H74,IF(K74=MIN(J74:L74),I74,I74)) -> 14
B75: =B21 -> Supraspinale sf | G75: =+G21 -> 5 | H75: =+H21 -> 5 | I75: =+I21 -> 0 | J75: =ABS(G75-H75) -> 0 | K75: =ABS(I75-G75) -> 5 | L75: =ABS(H75-I75) -> 5 | M75: =IF(J75=MIN(J75:L75),G75,IF(K75=MIN(J75:L75),G75,H75)) -> 5 | N75: =IF(J75=MIN(J75:L75),H75,IF(K75=MIN(J75:L75),I75,I75)) -> 5
B76: =B22 -> Abdominal sf | G76: =+G22 -> 7.5 | H76: =+H22 -> 7.5 | I76: =+I22 -> 0 | J76: =ABS(G76-H76) -> 0 | K76: =ABS(I76-G76) -> 7.5 | L76: =ABS(H76-I76) -> 7.5 | M76: =IF(J76=MIN(J76:L76),G76,IF(K76=MIN(J76:L76),G76,H76)) -> 7.5 | N76: =IF(J76=MIN(J76:L76),H76,IF(K76=MIN(J76:L76),I76,I76)) -> 7.5
B77: =B23 -> Thigh sf | G77: =+G23 -> 9 | H77: =+H23 -> 9 | I77: =+I23 -> 0 | J77: =ABS(G77-H77) -> 0 | K77: =ABS(I77-G77) -> 9 | L77: =ABS(H77-I77) -> 9 | M77: =IF(J77=MIN(J77:L77),G77,IF(K77=MIN(J77:L77),G77,H77)) -> 9 | N77: =IF(J77=MIN(J77:L77),H77,IF(K77=MIN(J77:L77),I77,I77)) -> 9
B78: =B24 -> Calf sf | G78: =+G24 -> 5.5 | H78: =+H24 -> 5.5 | I78: =+I24 -> 0 | J78: =ABS(G78-H78) -> 0 | K78: =ABS(I78-G78) -> 5.5 | L78: =ABS(H78-I78) -> 5.5 | M78: =IF(J78=MIN(J78:L78),G78,IF(K78=MIN(J78:L78),G78,H78)) -> 5.5 | N78: =IF(J78=MIN(J78:L78),H78,IF(K78=MIN(J78:L78),I78,I78)) -> 5.5
B79: =B25 -> Arm girth relaxed | G79: =+G25 -> 34.8 | H79: =+H25 -> 34.8 | I79: =+I25 -> 0 | J79: =ABS(G79-H79) -> 0 | K79: =ABS(I79-G79) -> 34.8 | L79: =ABS(H79-I79) -> 34.8 | M79: =IF(J79=MIN(J79:L79),G79,IF(K79=MIN(J79:L79),G79,H79)) -> 34.8 | N79: =IF(J79=MIN(J79:L79),H79,IF(K79=MIN(J79:L79),I79,I79)) -> 34.8
B80: =B27 -> Arm girth flexed and tensed | G80: =+G27 -> 83.2 | H80: =+H27 -> 38.3 | I80: =+I27 -> 38.3 | J80: =ABS(G80-H80) -> 44.9 | K80: =ABS(I80-G80) -> 44.9 | L80: =ABS(H80-I80) -> 0 | M80: =IF(J80=MIN(J80:L80),G80,IF(K80=MIN(J80:L80),G80,H80)) -> 38.3 | N80: =IF(J80=MIN(J80:L80),H80,IF(K80=MIN(J80:L80),I80,I80)) -> 38.3
B81: =B28 -> Waist girth | G81: =+G28 -> 77.5 | H81: =+H28 -> 77.5 | I81: =+I28 -> 0 | J81: =ABS(G81-H81) -> 0 | K81: =ABS(I81-G81) -> 77.5 | L81: =ABS(H81-I81) -> 77.5 | M81: =IF(J81=MIN(J81:L81),G81,IF(K81=MIN(J81:L81),G81,H81)) -> 77.5 | N81: =IF(J81=MIN(J81:L81),H81,IF(K81=MIN(J81:L81),I81,I81)) -> 77.5
B82: =B29 -> Hips girth | G82: =+G29 -> 93 | H82: =+H29 -> 93 | I82: =+I29 -> 0 | J82: =ABS(G82-H82) -> 0 | K82: =ABS(I82-G82) -> 93 | L82: =ABS(H82-I82) -> 93 | M82: =IF(J82=MIN(J82:L82),G82,IF(K82=MIN(J82:L82),G82,H82)) -> 93 | N82: =IF(J82=MIN(J82:L82),H82,IF(K82=MIN(J82:L82),I82,I82)) -> 93
B83: =B30 -> Thigh middle girth | G83: =+G30 -> 53 | H83: =+H30 -> 53 | I83: =+I30 -> 0 | J83: =ABS(G83-H83) -> 0 | K83: =ABS(I83-G83) -> 53 | L83: =ABS(H83-I83) -> 53 | M83: =IF(J83=MIN(J83:L83),G83,IF(K83=MIN(J83:L83),G83,H83)) -> 53 | N83: =IF(J83=MIN(J83:L83),H83,IF(K83=MIN(J83:L83),I83,I83)) -> 53
B84: =B32 -> Calf girth | G84: =+G32 -> 37 | H84: =+H32 -> 37 | I84: =+I32 -> 0 | J84: =ABS(G84-H84) -> 0 | K84: =ABS(I84-G84) -> 37 | L84: =ABS(H84-I84) -> 37 | M84: =IF(J84=MIN(J84:L84),G84,IF(K84=MIN(J84:L84),G84,H84)) -> 37 | N84: =IF(J84=MIN(J84:L84),H84,IF(K84=MIN(J84:L84),I84,I84)) -> 37
B85: =B34 -> Humerus breadth | G85: =+G34 -> 7.1 | H85: =+H34 -> 7.1 | I85: =+I34 -> 0 | J85: =ABS(G85-H85) -> 0 | K85: =ABS(I85-G85) -> 7.1 | L85: =ABS(H85-I85) -> 7.1 | M85: =IF(J85=MIN(J85:L85),G85,IF(K85=MIN(J85:L85),G85,H85)) -> 7.1 | N85: =IF(J85=MIN(J85:L85),H85,IF(K85=MIN(J85:L85),I85,I85)) -> 7.1
B86: =B35 -> Bi-styloid breadth | G86: =+G35 -> 5.8 | H86: =+H35 -> 5.8 | I86: =+I35 -> 0 | J86: =ABS(G86-H86) -> 0 | K86: =ABS(I86-G86) -> 5.8 | L86: =ABS(H86-I86) -> 5.8 | M86: =IF(J86=MIN(J86:L86),G86,IF(K86=MIN(J86:L86),G86,H86)) -> 5.8 | N86: =IF(J86=MIN(J86:L86),H86,IF(K86=MIN(J86:L86),I86,I86)) -> 5.8
B87: =B36 -> Femur breadth | G87: =+G36 -> 10.3 | H87: =+H36 -> 10.2 | I87: =+I36 -> 10.2 | J87: =ABS(G87-H87) -> 0.1 | K87: =ABS(I87-G87) -> 0.1 | L87: =ABS(H87-I87) -> 0 | M87: =IF(J87=MIN(J87:L87),G87,IF(K87=MIN(J87:L87),G87,H87)) -> 10.2 | N87: =IF(J87=MIN(J87:L87),H87,IF(K87=MIN(J87:L87),I87,I87)) -> 10.2

Sheet 8.
B2: =IF(Info!D34,"ISAK RESTRICTED PROFORMA","PROFORMA PERFIL RESTRINGIDO ISAK") -> ISAK RESTRICTED PROFORMA | R2: =IF(Info!D34,"ISAK PROFORMA PRINTOUT","INFORME PROFORMA ISAK") -> ISAK PROFORMA PRINTOUT
B4: =IF(Info!D34,"Name","Nombre") -> Name | G4: Lorena | R4: =+B4 -> Name | U4: =+G4 -> Lorena
B5: =IF(Info!D34,"Surname","Apellidos") -> Surname | G5: Chirinos | R5: =+B5 -> Surname | U5: =+G5 -> Chirinos
B6: =IF(Info!D34,"Country","País") -> Country | G6: Perú | R6: =+B6 -> Country | U6: =+G6 -> Perú
B7: =IF(Info!D34,"Ethnicity (Asian=1; African-American=2; Caucasian=3)","Raza (asiático=1; afro-americano=2; caucásico=3)") -> Ethnicity (Asian=1; African-American=2; Caucasian=3) | G7: 3 | R7: =+B7 -> Ethnicity (Asian=1; African-American=2; Caucasian=3) | U7: =+G7 -> 3
B8: =IF(Info!D34,"Sex (male=1, female=2)","Sexo (hombre=1, mujer=2)") -> Sex (male=1, female=2) | G8: 1 | R8: =+B8 -> Sex (male=1, female=2) | U8: =+G8 -> 1
B9: =IF(Info!D34,"Sport","Deporte") -> Sport | R9: =+B9 -> Sport | U9: =+G9 -> 0
B10: =IF(Info!D34,"Date of Measurement","Fecha de la valoración") -> Date of Measurement | G10: 44311 | R10: =+B10 -> Date of Measurement | U10: =+G10 -> 44311
B11: =IF(Info!D34,"Date of Birth","Fecha de nacimiento") -> Date of Birth | G11: 30239 | K11: =IF(Info!D34,"3rd measure?","¿3ª medida?") -> 3rd measure? | N11: =IF(Info!D34,"Mean or Median","Media o Mediana") -> Mean or Median | R11: =+B11 -> Date of Birth | U11: =+G11 -> 30239
B12: =IF(Info!D34,"Measure","Medida") -> Measure | G12: 1 | H12: 2 | I12: 3 | U12: =IF(Info!D34,"Value", "Valor") -> Value | W12: =IF(Info!D34,"Phantom Z-value","Valor Z del Phantom") -> Phantom Z-value
B13: =IF(Info!D34,"Mass","Masa corporal") -> Mass | G13: 54.7 | H13: 54.7 | K13: =+(H13-G13)/(AVERAGE(G13:H13)) -> 0 | L13: =IF(ABS(K13)>1%,"Yes","No") -> No | N13: =IF(I13=0,AVERAGE(G13,H13),MEDIAN(G13,H13,I13)) -> 54.7 | R13: =+B13 -> Mass | U13: =+N13 -> 54.7 | V13: kg | W13: =1/8.6*(+U13*((170.18/U$14)^3)-64.58) -> -0.89800654
B14: =IF(Info!D34,"Stature","Talla") -> Stature | G14: 168 | H14: 168 | K14: =+(H14-G14)/(AVERAGE(G14:H14)) -> 0 | L14: =IF(ABS(K14)>1%,"Yes","No") -> No | N14: =IF(I14=0,AVERAGE(G14,H14),MEDIAN(G14,H14,I14)) -> 168 | R14: =+B14 -> Stature | U14: =+N14 -> 168 | V14: cm
B15: =IF(Info!D34,"Sitting height","Talla sentado") -> Sitting height | G15: 86.5 | H15: 86.5 | K15: =+(H15-G15)/(AVERAGE(G15:H15)) -> 0 | L15: =IF(ABS(K15)>1%,"Yes","No") -> No | N15: =IF(I15=0,AVERAGE(G15,H15),MEDIAN(G15,H15,I15)) -> 86.5 | R15: =+B15 -> Sitting height | U15: =+N15 -> 86.5 | V15: cm | W15: =1/4.5*(+U15*((170.18/U$14)^1)-89.92) -> -0.51056878
B16: =IF(Info!D34,"Arm Span","Envergadura de brazos") -> Arm Span | G16: 168 | H16: 168 | K16: =+(H16-G16)/(AVERAGE(G16:H16)) -> 0 | L16: =IF(ABS(K16)>1%,"Yes","No") -> No | N16: =IF(I16=0,AVERAGE(G16,H16),MEDIAN(G16,H16,I16)) -> 168 | R16: =+B16 -> Arm Span | U16: =+N16 -> 168 | V16: cm | W16: =1/7.41*(+U16*((170.18/U$14)^1)-172.35) -> -0.2928475
B17: =IF(Info!D34,"Triceps sf","PL Tríceps") -> Triceps sf | G17: 10 | H17: 10 | K17: =+(H17-G17)/(AVERAGE(G17:H17)) -> 0 | L17: =IF(ABS(K17)>5%,"Yes","No") -> No | N17: =IF(I17=0,AVERAGE(G17,H17),MEDIAN(G17,H17,I17)) -> 10 | R17: =+B17 -> Triceps sf | U17: =+N17 -> 10 | V17: mm | W17: =1/4.47*(+U17*((170.18/U$14)^1)-15.4) -> -1.1790242
B18: =IF(Info!D34,"Subscapular sf","PL Subescapular") -> Subscapular sf | G18: 8 | H18: 8 | K18: =+(H18-G18)/(AVERAGE(G18:H18)) -> 0 | L18: =IF(ABS(K18)>5%,"Yes","No") -> No | N18: =IF(I18=0,AVERAGE(G18,H18),MEDIAN(G18,H18,I18)) -> 8 | R18: =+B18 -> Subscapular sf | U18: =+N18 -> 8 | V18: mm | W18: =1/5.07*(+U18*((170.18/U$14)^1)-17.2) -> -1.7941204
B19: =IF(Info!D34,"Biceps sf","PL Bíceps") -> Biceps sf | G19: 3 | H19: 3 | K19: =+(H19-G19)/(AVERAGE(G19:H19)) -> 0 | L19: =IF(ABS(K19)>5%,"Yes","No") -> No | N19: =IF(I19=0,AVERAGE(G19,H19),MEDIAN(G19,H19,I19)) -> 3 | R19: =+B19 -> Biceps sf | U19: =+N19 -> 3 | V19: mm | W19: =1/2*(+U19*((170.18/U$14)^1)-8) -> -2.4805357
B20: =IF(Info!D34,"Iliac crest sf","PL Cresta Iliaca") -> Iliac crest sf | G20: 13.5 | H20: 14 | I20: 14 | K20: =+(H20-G20)/(AVERAGE(G20:H20)) -> 0.036363636 | L20: =IF(ABS(K20)>5%,"Yes","No") -> No | N20: =IF(I20=0,AVERAGE(G20,H20),MEDIAN(G20,H20,I20)) -> 14 | R20: =+B20 -> Iliac crest sf | U20: =+N20 -> 14 | V20: mm | W20: =1/6.8*(+U20*((170.18/U$14)^1)-22.4) -> -1.2085784
B21: =IF(Info!D34,"Supraspinale sf","PL Supraespinal") -> Supraspinale sf | G21: 8 | H21: 8 | K21: =+(H21-G21)/(AVERAGE(G21:H21)) -> 0 | L21: =IF(ABS(K21)>5%,"Yes","No") -> No | N21: =IF(I21=0,AVERAGE(G21,H21),MEDIAN(G21,H21,I21)) -> 8 | R21: =+B21 -> Supraspinale sf | U21: =+N21 -> 8 | V21: mm | W21: =1/4.47*(+U21*((170.18/U$14)^1)-15.4) -> -1.6322574
B22: =IF(Info!D34,"Abdominal sf","PL Abdominal") -> Abdominal sf | G22: 14 | H22: 14 | K22: =+(H22-G22)/(AVERAGE(G22:H22)) -> 0 | L22: =IF(ABS(K22)>5%,"Yes","No") -> No | N22: =IF(I22=0,AVERAGE(G22,H22),MEDIAN(G22,H22,I22)) -> 14 | R22: =+B22 -> Abdominal sf | U22: =+N22 -> 14 | V22: mm | W22: =1/7.78*(+U22*((170.18/U$14)^1)-25.4) -> -1.4419452
B23: =IF(Info!D34,"Thigh sf","PL Muslo") -> Thigh sf | G23: 12 | H23: 12 | K23: =+(H23-G23)/(AVERAGE(G23:H23)) -> 0 | L23: =IF(ABS(K23)>5%,"Yes","No") -> No | N23: =IF(I23=0,AVERAGE(G23,H23),MEDIAN(G23,H23,I23)) -> 12 | R23: =+B23 -> Thigh sf | U23: =+N23 -> 12 | V23: mm | W23: =1/8.33*(+U23*((170.18/U$14)^1)-27) -> -1.7820271
B24: =IF(Info!D34,"Calf sf","PL Pierna") -> Calf sf | G24: 5.5 | H24: 5.5 | K24: =+(H24-G24)/(AVERAGE(G24:H24)) -> 0 | L24: =IF(ABS(K24)>5%,"Yes","No") -> No | N24: =IF(I24=0,AVERAGE(G24,H24),MEDIAN(G24,H24,I24)) -> 5.5 | R24: =+B24 -> Calf sf | U24: =+N24 -> 5.5 | V24: mm | W24: =1/4.67*(+U24*((170.18/U$14)^1)-16) -> -2.2331116
B25: =IF(Info!D34,"Arm girth relaxed","PR Brazo relajado") -> Arm girth relaxed | G25: 25 | H25: 25 | K25: =+(H25-G25)/(AVERAGE(G25:H25)) -> 0 | L25: =IF(ABS(K25)>1%,"Yes","No") -> No | N25: =IF(I25=0,AVERAGE(G25,H25),MEDIAN(G25,H25,I25)) -> 25 | R25: =+B25 -> Arm girth relaxed | U25: =+N25 -> 25 | V25: cm | W25: =1/2.33*(+U25*((170.18/U$14)^1)-26.89) -> -0.67192929
B26: =IF(Info!D34,"Corrected arm girth","PR Brazo corregido") -> Corrected arm girth | R26: =+B26 -> Corrected arm girth | U26: =+U25-(PI()*U17/10) -> 21.858407 | V26: cm | W26: =1/1.91*(+U26*((170.18/U$14)^1)-22.05) -> 0.04819173
B27: =IF(Info!D34,"Arm girth flexed and tensed","PR Brazo flexionado y contraído") -> Arm girth flexed and tensed | G27: 26 | H27: 26.2 | I27: 26.2 | K27: =+(H27-G27)/(AVERAGE(G27:H27)) -> 0.0076628352 | L27: =IF(ABS(K27)>1%,"Yes","No") -> No | N27: =IF(I27=0,AVERAGE(G27,H27),MEDIAN(G27,H27,I27)) -> 26.2 | R27: =+B27 -> Arm girth flexed and tensed | U27: =+N27 -> 26.2 | V27: cm | W27: =1/2.37*(+U27*((170.18/U$14)^1)-29.41) -> -1.2109805
B28: =IF(Info!D34,"Waist girth","PR Cintura") -> Waist girth | G28: 64.5 | H28: 64.5 | K28: =+(H28-G28)/(AVERAGE(G28:H28)) -> 0 | L28: =IF(ABS(K28)>1%,"Yes","No") -> No | N28: =IF(I28=0,AVERAGE(G28,H28),MEDIAN(G28,H28,I28)) -> 64.5 | R28: =+B28 -> Waist girth | U28: =+N28 -> 64.5 | V28: cm | W28: =1/4.45*(+U28*((170.18/U$14)^1)-71.91) -> -1.4770867
B29: =IF(Info!D34,"Hips girth","PR Caderas") -> Hips girth | G29: 91 | H29: 91.1 | K29: =+(H29-G29)/(AVERAGE(G29:H29)) -> 0.0010982976 | L29: =IF(ABS(K29)>1%,"Yes","No") -> No | N29: =IF(I29=0,AVERAGE(G29,H29),MEDIAN(G29,H29,I29)) -> 91.05 | R29: =+B29 -> Hips girth | U29: =+N29 -> 91.05 | V29: cm | W29: =1/5.58*(+U29*((170.18/U$14)^1)-94.67) -> -0.43701037
